simulation_id,team,points
0,Barstow,0
0,Belton,0
0,Bolivar,0
0,Camdenton,0
0,Capital City,7
0,Carl Junction,12
0,Central (Cape Girardeau),55
0,Central (Springfield),25
0,Clayton,78
0,Father Tolton,136
0,Ft. Zumwalt East,7
0,Ft. Zumwalt South,16
0,Glendale,48
0,Grain Valley,57
0,Grandview,0
0,Greenwood,5
0,Hannibal,7
0,Hillcrest,0
0,Holt,0
0,Incarnate Word Academy,1
0,Jefferson City,0
0,John Burroughs,131
0,Kearney,33
0,Ladue Horton Watkins,56
0,Lebanon,44
0,Lincoln College Prep,23
0,Logan-Rogersville,0
0,Louisiana,68
0,Lutheran South,37
0,Lutheran St. Charles,2
0,Marshfield,0
0,Mehlville,36
0,Monett,17
0,Nerinx Hall,83
0,Nevada,14
0,New Covenant Academy,0
0,North Point,0
0,Notre Dame (Cape Girardeau),0
0,Notre Dame de Sion,139
0,Parkway Central,224
0,Parkway North,3
0,Parkway West,80
0,Platte County,6
0,Poplar Bluff,26
0,Principia,15
0,Rockwood Summit,67
0,STEAM Academy,0
0,Savannah,6
0,Smith-Cotton,0
0,Smithville,0
0,St. Charles West,0
0,St. Dominic,0
0,St. Michael the Archangel,80
0,St. Pius X (Kansas City),0
0,St. Teresa's Academy,164
0,Summit Christian Academy,0
0,Timberland,24
0,Ursuline Academy,40
0,Villa Duchesne,118
0,Visitation Academy,187
0,Warrensburg,0
0,Washington,0
0,Webb City,0
0,Webster Groves,132
0,West Plains,16
1,Barstow,0
1,Belton,0
1,Bolivar,0
1,Camdenton,0
1,Capital City,17
1,Carl Junction,8
1,Central (Cape Girardeau),55
1,Central (Springfield),17
1,Clayton,64
1,Father Tolton,154
1,Ft. Zumwalt East,13
1,Ft. Zumwalt South,20
1,Glendale,15
1,Grain Valley,69
1,Grandview,0
1,Greenwood,14
1,Hannibal,9
1,Hillcrest,0
1,Holt,0
1,Incarnate Word Academy,2
1,Jefferson City,0
1,John Burroughs,96
1,Kearney,30
1,Ladue Horton Watkins,56
1,Lebanon,42
1,Lincoln College Prep,22
1,Logan-Rogersville,0
1,Louisiana,61
1,Lutheran South,34
1,Lutheran St. Charles,3
1,Marshfield,0
1,Mehlville,37
1,Monett,15
1,Nerinx Hall,66
1,Nevada,13
1,New Covenant Academy,0
1,North Point,0
1,Notre Dame (Cape Girardeau),0
1,Notre Dame de Sion,101
1,Parkway Central,223
1,Parkway North,0
1,Parkway West,81
1,Platte County,2
1,Poplar Bluff,0
1,Principia,19
1,Rockwood Summit,96
1,STEAM Academy,0
1,Savannah,0
1,Smith-Cotton,0
1,Smithville,0
1,St. Charles West,0
1,St. Dominic,0
1,St. Michael the Archangel,76
1,St. Pius X (Kansas City),6
1,St. Teresa's Academy,192
1,Summit Christian Academy,0
1,Timberland,26
1,Ursuline Academy,87
1,Villa Duchesne,154
1,Visitation Academy,170
1,Warrensburg,0
1,Washington,0
1,Webb City,3
1,Webster Groves,142
1,West Plains,15
2,Barstow,0
2,Belton,0
2,Bolivar,0
2,Camdenton,0
2,Capital City,19
2,Carl Junction,14
2,Central (Cape Girardeau),50
2,Central (Springfield),26
2,Clayton,64
2,Father Tolton,146
2,Ft. Zumwalt East,16
2,Ft. Zumwalt South,12
2,Glendale,40
2,Grain Valley,77
2,Grandview,0
2,Greenwood,6
2,Hannibal,11
2,Hillcrest,0
2,Holt,0
2,Incarnate Word Academy,0
2,Jefferson City,0
2,John Burroughs,142
2,Kearney,33
2,Ladue Horton Watkins,50
2,Lebanon,88
2,Lincoln College Prep,12
2,Logan-Rogersville,0
2,Louisiana,89
2,Lutheran South,33
2,Lutheran St. Charles,9
2,Marshfield,0
2,Mehlville,35
2,Monett,24
2,Nerinx Hall,66
2,Nevada,7
2,New Covenant Academy,0
2,North Point,0
2,Notre Dame (Cape Girardeau),1
2,Notre Dame de Sion,92
2,Parkway Central,221
2,Parkway North,0
2,Parkway West,80
2,Platte County,4
2,Poplar Bluff,0
2,Principia,16
2,Rockwood Summit,96
2,STEAM Academy,0
2,Savannah,3
2,Smith-Cotton,0
2,Smithville,0
2,St. Charles West,0
2,St. Dominic,0
2,St. Michael the Archangel,75
2,St. Pius X (Kansas City),0
2,St. Teresa's Academy,165
2,Summit Christian Academy,0
2,Timberland,38
2,Ursuline Academy,33
2,Villa Duchesne,124
2,Visitation Academy,181
2,Warrensburg,0
2,Washington,0
2,Webb City,0
2,Webster Groves,106
2,West Plains,21
3,Barstow,0
3,Belton,0
3,Bolivar,0
3,Camdenton,0
3,Capital City,12
3,Carl Junction,17
3,Central (Cape Girardeau),51
3,Central (Springfield),30
3,Clayton,77
3,Father Tolton,164
3,Ft. Zumwalt East,3
3,Ft. Zumwalt South,17
3,Glendale,50
3,Grain Valley,82
3,Grandview,0
3,Greenwood,4
3,Hannibal,7
3,Hillcrest,0
3,Holt,0
3,Incarnate Word Academy,2
3,Jefferson City,0
3,John Burroughs,123
3,Kearney,44
3,Ladue Horton Watkins,53
3,Lebanon,39
3,Lincoln College Prep,14
3,Logan-Rogersville,0
3,Louisiana,60
3,Lutheran South,32
3,Lutheran St. Charles,5
3,Marshfield,0
3,Mehlville,37
3,Monett,18
3,Nerinx Hall,65
3,Nevada,7
3,New Covenant Academy,0
3,North Point,0
3,Notre Dame (Cape Girardeau),0
3,Notre Dame de Sion,126
3,Parkway Central,223
3,Parkway North,4
3,Parkway West,86
3,Platte County,4
3,Poplar Bluff,0
3,Principia,18
3,Rockwood Summit,75
3,STEAM Academy,0
3,Savannah,4
3,Smith-Cotton,0
3,Smithville,0
3,St. Charles West,0
3,St. Dominic,0
3,St. Michael the Archangel,51
3,St. Pius X (Kansas City),0
3,St. Teresa's Academy,178
3,Summit Christian Academy,0
3,Timberland,26
3,Ursuline Academy,45
3,Villa Duchesne,133
3,Visitation Academy,158
3,Warrensburg,0
3,Washington,0
3,Webb City,4
3,Webster Groves,156
3,West Plains,21
4,Barstow,0
4,Belton,0
4,Bolivar,0
4,Camdenton,0
4,Capital City,20
4,Carl Junction,14
4,Central (Cape Girardeau),61
4,Central (Springfield),25
4,Clayton,78
4,Father Tolton,137
4,Ft. Zumwalt East,10
4,Ft. Zumwalt South,16
4,Glendale,45
4,Grain Valley,87
4,Grandview,0
4,Greenwood,0
4,Hannibal,9
4,Hillcrest,0
4,Holt,0
4,Incarnate Word Academy,4
4,Jefferson City,0
4,John Burroughs,112
4,Kearney,36
4,Ladue Horton Watkins,57
4,Lebanon,28
4,Lincoln College Prep,19
4,Logan-Rogersville,0
4,Louisiana,62
4,Lutheran South,31
4,Lutheran St. Charles,11
4,Marshfield,0
4,Mehlville,37
4,Monett,24
4,Nerinx Hall,66
4,Nevada,7
4,New Covenant Academy,0
4,North Point,0
4,Notre Dame (Cape Girardeau),0
4,Notre Dame de Sion,121
4,Parkway Central,223
4,Parkway North,0
4,Parkway West,104
4,Platte County,3
4,Poplar Bluff,0
4,Principia,10
4,Rockwood Summit,79
4,STEAM Academy,0
4,Savannah,2
4,Smith-Cotton,0
4,Smithville,0
4,St. Charles West,0
4,St. Dominic,0
4,St. Michael the Archangel,61
4,St. Pius X (Kansas City),0
4,St. Teresa's Academy,166
4,Summit Christian Academy,0
4,Timberland,28
4,Ursuline Academy,76
4,Villa Duchesne,145
4,Visitation Academy,167
4,Warrensburg,0
4,Washington,0
4,Webb City,0
4,Webster Groves,112
4,West Plains,32
5,Barstow,0
5,Belton,0
5,Bolivar,0
5,Camdenton,0
5,Capital City,17
5,Carl Junction,14
5,Central (Cape Girardeau),47
5,Central (Springfield),26
5,Clayton,47
5,Father Tolton,151
5,Ft. Zumwalt East,7
5,Ft. Zumwalt South,15
5,Glendale,25
5,Grain Valley,66
5,Grandview,0
5,Greenwood,7
5,Hannibal,12
5,Hillcrest,0
5,Holt,0
5,Incarnate Word Academy,0
5,Jefferson City,0
5,John Burroughs,105
5,Kearney,58
5,Ladue Horton Watkins,45
5,Lebanon,44
5,Lincoln College Prep,12
5,Logan-Rogersville,0
5,Louisiana,82
5,Lutheran South,33
5,Lutheran St. Charles,3
5,Marshfield,0
5,Mehlville,37
5,Monett,10
5,Nerinx Hall,67
5,Nevada,13
5,New Covenant Academy,0
5,North Point,0
5,Notre Dame (Cape Girardeau),0
5,Notre Dame de Sion,120
5,Parkway Central,233
5,Parkway North,0
5,Parkway West,77
5,Platte County,0
5,Poplar Bluff,8
5,Principia,17
5,Rockwood Summit,100
5,STEAM Academy,0
5,Savannah,3
5,Smith-Cotton,0
5,Smithville,0
5,St. Charles West,0
5,St. Dominic,0
5,St. Michael the Archangel,79
5,St. Pius X (Kansas City),0
5,St. Teresa's Academy,180
5,Summit Christian Academy,0
5,Timberland,23
5,Ursuline Academy,33
5,Villa Duchesne,144
5,Visitation Academy,181
5,Warrensburg,0
5,Washington,0
5,Webb City,4
5,Webster Groves,161
5,West Plains,19
6,Barstow,0
6,Belton,0
6,Bolivar,0
6,Camdenton,0
6,Capital City,14
6,Carl Junction,18
6,Central (Cape Girardeau),48
6,Central (Springfield),24
6,Clayton,70
6,Father Tolton,148
6,Ft. Zumwalt East,8
6,Ft. Zumwalt South,16
6,Glendale,38
6,Grain Valley,65
6,Grandview,0
6,Greenwood,12
6,Hannibal,7
6,Hillcrest,0
6,Holt,0
6,Incarnate Word Academy,1
6,Jefferson City,0
6,John Burroughs,112
6,Kearney,25
6,Ladue Horton Watkins,72
6,Lebanon,39
6,Lincoln College Prep,13
6,Logan-Rogersville,0
6,Louisiana,89
6,Lutheran South,32
6,Lutheran St. Charles,6
6,Marshfield,0
6,Mehlville,37
6,Monett,28
6,Nerinx Hall,72
6,Nevada,15
6,New Covenant Academy,0
6,North Point,0
6,Notre Dame (Cape Girardeau),0
6,Notre Dame de Sion,92
6,Parkway Central,200
6,Parkway North,2
6,Parkway West,105
6,Platte County,1
6,Poplar Bluff,6
6,Principia,22
6,Rockwood Summit,94
6,STEAM Academy,0
6,Savannah,0
6,Smith-Cotton,0
6,Smithville,0
6,St. Charles West,0
6,St. Dominic,0
6,St. Michael the Archangel,83
6,St. Pius X (Kansas City),0
6,St. Teresa's Academy,178
6,Summit Christian Academy,0
6,Timberland,25
6,Ursuline Academy,56
6,Villa Duchesne,130
6,Visitation Academy,185
6,Warrensburg,0
6,Washington,0
6,Webb City,4
6,Webster Groves,119
6,West Plains,14
7,Barstow,0
7,Belton,0
7,Bolivar,0
7,Camdenton,0
7,Capital City,15
7,Carl Junction,9
7,Central (Cape Girardeau),56
7,Central (Springfield),17
7,Clayton,56
7,Father Tolton,146
7,Ft. Zumwalt East,9
7,Ft. Zumwalt South,5
7,Glendale,38
7,Grain Valley,70
7,Grandview,0
7,Greenwood,6
7,Hannibal,11
7,Hillcrest,0
7,Holt,0
7,Incarnate Word Academy,4
7,Jefferson City,0
7,John Burroughs,127
7,Kearney,30
7,Ladue Horton Watkins,47
7,Lebanon,56
7,Lincoln College Prep,18
7,Logan-Rogersville,0
7,Louisiana,79
7,Lutheran South,33
7,Lutheran St. Charles,14
7,Marshfield,0
7,Mehlville,33
7,Monett,51
7,Nerinx Hall,68
7,Nevada,13
7,New Covenant Academy,0
7,North Point,0
7,Notre Dame (Cape Girardeau),1
7,Notre Dame de Sion,113
7,Parkway Central,235
7,Parkway North,3
7,Parkway West,87
7,Platte County,6
7,Poplar Bluff,14
7,Principia,19
7,Rockwood Summit,74
7,STEAM Academy,0
7,Savannah,0
7,Smith-Cotton,0
7,Smithville,0
7,St. Charles West,0
7,St. Dominic,0
7,St. Michael the Archangel,57
7,St. Pius X (Kansas City),0
7,St. Teresa's Academy,153
7,Summit Christian Academy,0
7,Timberland,22
7,Ursuline Academy,53
7,Villa Duchesne,124
7,Visitation Academy,173
7,Warrensburg,0
7,Washington,0
7,Webb City,4
7,Webster Groves,148
7,West Plains,28
8,Barstow,0
8,Belton,0
8,Bolivar,0
8,Camdenton,0
8,Capital City,16
8,Carl Junction,11
8,Central (Cape Girardeau),51
8,Central (Springfield),35
8,Clayton,78
8,Father Tolton,143
8,Ft. Zumwalt East,11
8,Ft. Zumwalt South,16
8,Glendale,23
8,Grain Valley,67
8,Grandview,0
8,Greenwood,7
8,Hannibal,14
8,Hillcrest,0
8,Holt,0
8,Incarnate Word Academy,0
8,Jefferson City,0
8,John Burroughs,132
8,Kearney,30
8,Ladue Horton Watkins,60
8,Lebanon,41
8,Lincoln College Prep,17
8,Logan-Rogersville,0
8,Louisiana,53
8,Lutheran South,33
8,Lutheran St. Charles,1
8,Marshfield,0
8,Mehlville,34
8,Monett,20
8,Nerinx Hall,95
8,Nevada,12
8,New Covenant Academy,0
8,North Point,0
8,Notre Dame (Cape Girardeau),2
8,Notre Dame de Sion,115
8,Parkway Central,232
8,Parkway North,0
8,Parkway West,85
8,Platte County,4
8,Poplar Bluff,0
8,Principia,7
8,Rockwood Summit,82
8,STEAM Academy,0
8,Savannah,0
8,Smith-Cotton,0
8,Smithville,0
8,St. Charles West,0
8,St. Dominic,0
8,St. Michael the Archangel,78
8,St. Pius X (Kansas City),0
8,St. Teresa's Academy,162
8,Summit Christian Academy,0
8,Timberland,25
8,Ursuline Academy,70
8,Villa Duchesne,139
8,Visitation Academy,159
8,Warrensburg,0
8,Washington,0
8,Webb City,0
8,Webster Groves,151
8,West Plains,14
9,Barstow,0
9,Belton,0
9,Bolivar,0
9,Camdenton,0
9,Capital City,7
9,Carl Junction,14
9,Central (Cape Girardeau),55
9,Central (Springfield),19
9,Clayton,68
9,Father Tolton,149
9,Ft. Zumwalt East,10
9,Ft. Zumwalt South,7
9,Glendale,28
9,Grain Valley,73
9,Grandview,0
9,Greenwood,7
9,Hannibal,11
9,Hillcrest,0
9,Holt,0
9,Incarnate Word Academy,9
9,Jefferson City,0
9,John Burroughs,131
9,Kearney,34
9,Ladue Horton Watkins,53
9,Lebanon,62
9,Lincoln College Prep,10
9,Logan-Rogersville,0
9,Louisiana,74
9,Lutheran South,33
9,Lutheran St. Charles,3
9,Marshfield,0
9,Mehlville,33
9,Monett,18
9,Nerinx Hall,66
9,Nevada,12
9,New Covenant Academy,0
9,North Point,0
9,Notre Dame (Cape Girardeau),0
9,Notre Dame de Sion,90
9,Parkway Central,221
9,Parkway North,0
9,Parkway West,77
9,Platte County,3
9,Poplar Bluff,0
9,Principia,18
9,Rockwood Summit,99
9,STEAM Academy,0
9,Savannah,4
9,Smith-Cotton,0
9,Smithville,0
9,St. Charles West,0
9,St. Dominic,0
9,St. Michael the Archangel,85
9,St. Pius X (Kansas City),0
9,St. Teresa's Academy,180
9,Summit Christian Academy,0
9,Timberland,16
9,Ursuline Academy,74
9,Villa Duchesne,129
9,Visitation Academy,174
9,Warrensburg,0
9,Washington,0
9,Webb City,10
9,Webster Groves,141
9,West Plains,18
10,Barstow,0
10,Belton,0
10,Bolivar,0
10,Camdenton,0
10,Capital City,21
10,Carl Junction,13
10,Central (Cape Girardeau),49
10,Central (Springfield),18
10,Clayton,55
10,Father Tolton,136
10,Ft. Zumwalt East,11
10,Ft. Zumwalt South,14
10,Glendale,35
10,Grain Valley,85
10,Grandview,0
10,Greenwood,16
10,Hannibal,7
10,Hillcrest,0
10,Holt,0
10,Incarnate Word Academy,0
10,Jefferson City,0
10,John Burroughs,130
10,Kearney,30
10,Ladue Horton Watkins,60
10,Lebanon,23
10,Lincoln College Prep,22
10,Logan-Rogersville,0
10,Louisiana,89
10,Lutheran South,33
10,Lutheran St. Charles,6
10,Marshfield,0
10,Mehlville,34
10,Monett,18
10,Nerinx Hall,74
10,Nevada,2
10,New Covenant Academy,0
10,North Point,0
10,Notre Dame (Cape Girardeau),0
10,Notre Dame de Sion,91
10,Parkway Central,232
10,Parkway North,1
10,Parkway West,80
10,Platte County,0
10,Poplar Bluff,0
10,Principia,16
10,Rockwood Summit,113
10,STEAM Academy,0
10,Savannah,5
10,Smith-Cotton,0
10,Smithville,0
10,St. Charles West,0
10,St. Dominic,0
10,St. Michael the Archangel,64
10,St. Pius X (Kansas City),0
10,St. Teresa's Academy,194
10,Summit Christian Academy,0
10,Timberland,26
10,Ursuline Academy,44
10,Villa Duchesne,137
10,Visitation Academy,164
10,Warrensburg,0
10,Washington,0
10,Webb City,10
10,Webster Groves,153
10,West Plains,14
11,Barstow,0
11,Belton,0
11,Bolivar,0
11,Camdenton,0
11,Capital City,14
11,Carl Junction,13
11,Central (Cape Girardeau),52
11,Central (Springfield),24
11,Clayton,69
11,Father Tolton,138
11,Ft. Zumwalt East,10
11,Ft. Zumwalt South,14
11,Glendale,57
11,Grain Valley,73
11,Grandview,0
11,Greenwood,4
11,Hannibal,16
11,Hillcrest,0
11,Holt,0
11,Incarnate Word Academy,0
11,Jefferson City,0
11,John Burroughs,110
11,Kearney,24
11,Ladue Horton Watkins,53
11,Lebanon,29
11,Lincoln College Prep,18
11,Logan-Rogersville,0
11,Louisiana,96
11,Lutheran South,31
11,Lutheran St. Charles,7
11,Marshfield,0
11,Mehlville,37
11,Monett,24
11,Nerinx Hall,68
11,Nevada,9
11,New Covenant Academy,0
11,North Point,0
11,Notre Dame (Cape Girardeau),0
11,Notre Dame de Sion,110
11,Parkway Central,222
11,Parkway North,1
11,Parkway West,89
11,Platte County,0
11,Poplar Bluff,0
11,Principia,22
11,Rockwood Summit,88
11,STEAM Academy,0
11,Savannah,5
11,Smith-Cotton,0
11,Smithville,0
11,St. Charles West,0
11,St. Dominic,0
11,St. Michael the Archangel,73
11,St. Pius X (Kansas City),0
11,St. Teresa's Academy,165
11,Summit Christian Academy,16
11,Timberland,25
11,Ursuline Academy,37
11,Villa Duchesne,134
11,Visitation Academy,171
11,Warrensburg,0
11,Washington,0
11,Webb City,15
11,Webster Groves,140
11,West Plains,22
12,Barstow,0
12,Belton,0
12,Bolivar,0
12,Camdenton,0
12,Capital City,16
12,Carl Junction,12
12,Central (Cape Girardeau),52
12,Central (Springfield),26
12,Clayton,64
12,Father Tolton,149
12,Ft. Zumwalt East,8
12,Ft. Zumwalt South,14
12,Glendale,46
12,Grain Valley,52
12,Grandview,0
12,Greenwood,9
12,Hannibal,11
12,Hillcrest,0
12,Holt,0
12,Incarnate Word Academy,0
12,Jefferson City,0
12,John Burroughs,93
12,Kearney,22
12,Ladue Horton Watkins,44
12,Lebanon,33
12,Lincoln College Prep,17
12,Logan-Rogersville,0
12,Louisiana,67
12,Lutheran South,31
12,Lutheran St. Charles,4
12,Marshfield,0
12,Mehlville,37
12,Monett,23
12,Nerinx Hall,58
12,Nevada,12
12,New Covenant Academy,0
12,North Point,0
12,Notre Dame (Cape Girardeau),2
12,Notre Dame de Sion,143
12,Parkway Central,247
12,Parkway North,4
12,Parkway West,74
12,Platte County,4
12,Poplar Bluff,0
12,Principia,13
12,Rockwood Summit,86
12,STEAM Academy,0
12,Savannah,3
12,Smith-Cotton,0
12,Smithville,18
12,St. Charles West,0
12,St. Dominic,0
12,St. Michael the Archangel,92
12,St. Pius X (Kansas City),0
12,St. Teresa's Academy,163
12,Summit Christian Academy,0
12,Timberland,22
12,Ursuline Academy,51
12,Villa Duchesne,150
12,Visitation Academy,174
12,Warrensburg,0
12,Washington,1
12,Webb City,0
12,Webster Groves,145
12,West Plains,33
13,Barstow,0
13,Belton,0
13,Bolivar,0
13,Camdenton,0
13,Capital City,14
13,Carl Junction,37
13,Central (Cape Girardeau),56
13,Central (Springfield),21
13,Clayton,81
13,Father Tolton,157
13,Ft. Zumwalt East,7
13,Ft. Zumwalt South,15
13,Glendale,41
13,Grain Valley,79
13,Grandview,0
13,Greenwood,7
13,Hannibal,7
13,Hillcrest,0
13,Holt,0
13,Incarnate Word Academy,0
13,Jefferson City,0
13,John Burroughs,111
13,Kearney,26
13,Ladue Horton Watkins,67
13,Lebanon,31
13,Lincoln College Prep,9
13,Logan-Rogersville,0
13,Louisiana,51
13,Lutheran South,31
13,Lutheran St. Charles,6
13,Marshfield,0
13,Mehlville,37
13,Monett,27
13,Nerinx Hall,50
13,Nevada,0
13,New Covenant Academy,0
13,North Point,0
13,Notre Dame (Cape Girardeau),0
13,Notre Dame de Sion,106
13,Parkway Central,248
13,Parkway North,0
13,Parkway West,83
13,Platte County,4
13,Poplar Bluff,0
13,Principia,18
13,Rockwood Summit,107
13,STEAM Academy,0
13,Savannah,0
13,Smith-Cotton,0
13,Smithville,0
13,St. Charles West,0
13,St. Dominic,0
13,St. Michael the Archangel,78
13,St. Pius X (Kansas City),0
13,St. Teresa's Academy,170
13,Summit Christian Academy,0
13,Timberland,26
13,Ursuline Academy,58
13,Villa Duchesne,135
13,Visitation Academy,170
13,Warrensburg,0
13,Washington,0
13,Webb City,3
13,Webster Groves,130
13,West Plains,21
14,Barstow,0
14,Belton,0
14,Bolivar,0
14,Camdenton,0
14,Capital City,13
14,Carl Junction,12
14,Central (Cape Girardeau),49
14,Central (Springfield),24
14,Clayton,50
14,Father Tolton,153
14,Ft. Zumwalt East,10
14,Ft. Zumwalt South,16
14,Glendale,31
14,Grain Valley,79
14,Grandview,0
14,Greenwood,7
14,Hannibal,9
14,Hillcrest,0
14,Holt,0
14,Incarnate Word Academy,9
14,Jefferson City,0
14,John Burroughs,85
14,Kearney,49
14,Ladue Horton Watkins,57
14,Lebanon,40
14,Lincoln College Prep,11
14,Logan-Rogersville,0
14,Louisiana,53
14,Lutheran South,37
14,Lutheran St. Charles,3
14,Marshfield,0
14,Mehlville,36
14,Monett,15
14,Nerinx Hall,63
14,Nevada,12
14,New Covenant Academy,0
14,North Point,0
14,Notre Dame (Cape Girardeau),0
14,Notre Dame de Sion,99
14,Parkway Central,227
14,Parkway North,4
14,Parkway West,98
14,Platte County,7
14,Poplar Bluff,0
14,Principia,22
14,Rockwood Summit,98
14,STEAM Academy,0
14,Savannah,17
14,Smith-Cotton,0
14,Smithville,0
14,St. Charles West,0
14,St. Dominic,0
14,St. Michael the Archangel,105
14,St. Pius X (Kansas City),0
14,St. Teresa's Academy,192
14,Summit Christian Academy,0
14,Timberland,26
14,Ursuline Academy,56
14,Villa Duchesne,113
14,Visitation Academy,174
14,Warrensburg,0
14,Washington,0
14,Webb City,5
14,Webster Groves,137
14,West Plains,22
15,Barstow,0
15,Belton,0
15,Bolivar,0
15,Camdenton,0
15,Capital City,13
15,Carl Junction,14
15,Central (Cape Girardeau),53
15,Central (Springfield),19
15,Clayton,47
15,Father Tolton,134
15,Ft. Zumwalt East,8
15,Ft. Zumwalt South,20
15,Glendale,27
15,Grain Valley,48
15,Grandview,0
15,Greenwood,6
15,Hannibal,5
15,Hillcrest,0
15,Holt,0
15,Incarnate Word Academy,4
15,Jefferson City,3
15,John Burroughs,135
15,Kearney,57
15,Ladue Horton Watkins,57
15,Lebanon,30
15,Lincoln College Prep,26
15,Logan-Rogersville,0
15,Louisiana,46
15,Lutheran South,35
15,Lutheran St. Charles,5
15,Marshfield,0
15,Mehlville,37
15,Monett,13
15,Nerinx Hall,87
15,Nevada,12
15,New Covenant Academy,0
15,North Point,0
15,Notre Dame (Cape Girardeau),0
15,Notre Dame de Sion,96
15,Parkway Central,231
15,Parkway North,2
15,Parkway West,90
15,Platte County,0
15,Poplar Bluff,0
15,Principia,17
15,Rockwood Summit,108
15,STEAM Academy,0
15,Savannah,7
15,Smith-Cotton,0
15,Smithville,0
15,St. Charles West,0
15,St. Dominic,0
15,St. Michael the Archangel,59
15,St. Pius X (Kansas City),0
15,St. Teresa's Academy,168
15,Summit Christian Academy,0
15,Timberland,26
15,Ursuline Academy,63
15,Villa Duchesne,133
15,Visitation Academy,190
15,Warrensburg,0
15,Washington,0
15,Webb City,9
15,Webster Groves,148
15,West Plains,37
16,Barstow,0
16,Belton,0
16,Bolivar,0
16,Camdenton,0
16,Capital City,10
16,Carl Junction,13
16,Central (Cape Girardeau),58
16,Central (Springfield),17
16,Clayton,59
16,Father Tolton,151
16,Ft. Zumwalt East,13
16,Ft. Zumwalt South,24
16,Glendale,49
16,Grain Valley,70
16,Grandview,0
16,Greenwood,0
16,Hannibal,7
16,Hillcrest,0
16,Holt,0
16,Incarnate Word Academy,7
16,Jefferson City,0
16,John Burroughs,127
16,Kearney,28
16,Ladue Horton Watkins,46
16,Lebanon,25
16,Lincoln College Prep,20
16,Logan-Rogersville,0
16,Louisiana,46
16,Lutheran South,37
16,Lutheran St. Charles,9
16,Marshfield,0
16,Mehlville,31
16,Monett,32
16,Nerinx Hall,85
16,Nevada,15
16,New Covenant Academy,0
16,North Point,0
16,Notre Dame (Cape Girardeau),0
16,Notre Dame de Sion,107
16,Parkway Central,217
16,Parkway North,1
16,Parkway West,81
16,Platte County,8
16,Poplar Bluff,4
16,Principia,15
16,Rockwood Summit,89
16,STEAM Academy,0
16,Savannah,3
16,Smith-Cotton,0
16,Smithville,0
16,St. Charles West,0
16,St. Dominic,0
16,St. Michael the Archangel,71
16,St. Pius X (Kansas City),0
16,St. Teresa's Academy,156
16,Summit Christian Academy,0
16,Timberland,24
16,Ursuline Academy,58
16,Villa Duchesne,147
16,Visitation Academy,180
16,Warrensburg,0
16,Washington,0
16,Webb City,11
16,Webster Groves,158
16,West Plains,16
17,Barstow,0
17,Belton,0
17,Bolivar,0
17,Camdenton,0
17,Capital City,8
17,Carl Junction,17
17,Central (Cape Girardeau),53
17,Central (Springfield),33
17,Clayton,59
17,Father Tolton,133
17,Ft. Zumwalt East,15
17,Ft. Zumwalt South,14
17,Glendale,40
17,Grain Valley,64
17,Grandview,0
17,Greenwood,1
17,Hannibal,12
17,Hillcrest,0
17,Holt,0
17,Incarnate Word Academy,0
17,Jefferson City,0
17,John Burroughs,126
17,Kearney,35
17,Ladue Horton Watkins,53
17,Lebanon,41
17,Lincoln College Prep,14
17,Logan-Rogersville,0
17,Louisiana,53
17,Lutheran South,40
17,Lutheran St. Charles,0
17,Marshfield,0
17,Mehlville,36
17,Monett,11
17,Nerinx Hall,76
17,Nevada,15
17,New Covenant Academy,0
17,North Point,0
17,Notre Dame (Cape Girardeau),0
17,Notre Dame de Sion,113
17,Parkway Central,228
17,Parkway North,0
17,Parkway West,99
17,Platte County,3
17,Poplar Bluff,0
17,Principia,23
17,Rockwood Summit,118
17,STEAM Academy,0
17,Savannah,5
17,Smith-Cotton,0
17,Smithville,0
17,St. Charles West,0
17,St. Dominic,0
17,St. Michael the Archangel,83
17,St. Pius X (Kansas City),0
17,St. Teresa's Academy,159
17,Summit Christian Academy,0
17,Timberland,23
17,Ursuline Academy,58
17,Villa Duchesne,129
17,Visitation Academy,178
17,Warrensburg,0
17,Washington,0
17,Webb City,0
17,Webster Groves,138
17,West Plains,19
18,Barstow,0
18,Belton,0
18,Bolivar,0
18,Camdenton,0
18,Capital City,12
18,Carl Junction,5
18,Central (Cape Girardeau),58
18,Central (Springfield),17
18,Clayton,63
18,Father Tolton,146
18,Ft. Zumwalt East,7
18,Ft. Zumwalt South,9
18,Glendale,52
18,Grain Valley,62
18,Grandview,0
18,Greenwood,7
18,Hannibal,9
18,Hillcrest,0
18,Holt,0
18,Incarnate Word Academy,1
18,Jefferson City,0
18,John Burroughs,100
18,Kearney,28
18,Ladue Horton Watkins,58
18,Lebanon,31
18,Lincoln College Prep,14
18,Logan-Rogersville,0
18,Louisiana,69
18,Lutheran South,40
18,Lutheran St. Charles,5
18,Marshfield,0
18,Mehlville,32
18,Monett,18
18,Nerinx Hall,78
18,Nevada,12
18,New Covenant Academy,0
18,North Point,0
18,Notre Dame (Cape Girardeau),0
18,Notre Dame de Sion,105
18,Parkway Central,239
18,Parkway North,1
18,Parkway West,91
18,Platte County,0
18,Poplar Bluff,0
18,Principia,20
18,Rockwood Summit,94
18,STEAM Academy,0
18,Savannah,2
18,Smith-Cotton,0
18,Smithville,0
18,St. Charles West,0
18,St. Dominic,0
18,St. Michael the Archangel,98
18,St. Pius X (Kansas City),0
18,St. Teresa's Academy,155
18,Summit Christian Academy,0
18,Timberland,22
18,Ursuline Academy,90
18,Villa Duchesne,137
18,Visitation Academy,172
18,Warrensburg,0
18,Washington,0
18,Webb City,7
18,Webster Groves,142
18,West Plains,17
19,Barstow,0
19,Belton,0
19,Bolivar,0
19,Camdenton,0
19,Capital City,11
19,Carl Junction,22
19,Central (Cape Girardeau),57
19,Central (Springfield),30
19,Clayton,79
19,Father Tolton,151
19,Ft. Zumwalt East,3
19,Ft. Zumwalt South,14
19,Glendale,50
19,Grain Valley,75
19,Grandview,0
19,Greenwood,7
19,Hannibal,7
19,Hillcrest,0
19,Holt,0
19,Incarnate Word Academy,5
19,Jefferson City,0
19,John Burroughs,102
19,Kearney,58
19,Ladue Horton Watkins,36
19,Lebanon,49
19,Lincoln College Prep,20
19,Logan-Rogersville,0
19,Louisiana,53
19,Lutheran South,36
19,Lutheran St. Charles,2
19,Marshfield,0
19,Mehlville,36
19,Monett,44
19,Nerinx Hall,71
19,Nevada,9
19,New Covenant Academy,0
19,North Point,0
19,Notre Dame (Cape Girardeau),0
19,Notre Dame de Sion,102
19,Parkway Central,220
19,Parkway North,4
19,Parkway West,53
19,Platte County,4
19,Poplar Bluff,0
19,Principia,18
19,Rockwood Summit,107
19,STEAM Academy,0
19,Savannah,0
19,Smith-Cotton,0
19,Smithville,0
19,St. Charles West,0
19,St. Dominic,0
19,St. Michael the Archangel,54
19,St. Pius X (Kansas City),0
19,St. Teresa's Academy,155
19,Summit Christian Academy,0
19,Timberland,23
19,Ursuline Academy,54
19,Villa Duchesne,148
19,Visitation Academy,185
19,Warrensburg,0
19,Washington,0
19,Webb City,3
19,Webster Groves,145
19,West Plains,23
20,Barstow,0
20,Belton,0
20,Bolivar,0
20,Camdenton,0
20,Capital City,15
20,Carl Junction,12
20,Central (Cape Girardeau),46
20,Central (Springfield),18
20,Clayton,78
20,Father Tolton,146
20,Ft. Zumwalt East,15
20,Ft. Zumwalt South,16
20,Glendale,36
20,Grain Valley,47
20,Grandview,0
20,Greenwood,5
20,Hannibal,9
20,Hillcrest,0
20,Holt,0
20,Incarnate Word Academy,3
20,Jefferson City,0
20,John Burroughs,144
20,Kearney,49
20,Ladue Horton Watkins,77
20,Lebanon,82
20,Lincoln College Prep,18
20,Logan-Rogersville,0
20,Louisiana,94
20,Lutheran South,34
20,Lutheran St. Charles,2
20,Marshfield,0
20,Mehlville,34
20,Monett,24
20,Nerinx Hall,68
20,Nevada,9
20,New Covenant Academy,0
20,North Point,0
20,Notre Dame (Cape Girardeau),0
20,Notre Dame de Sion,112
20,Parkway Central,230
20,Parkway North,2
20,Parkway West,83
20,Platte County,2
20,Poplar Bluff,4
20,Principia,18
20,Rockwood Summit,76
20,STEAM Academy,0
20,Savannah,3
20,Smith-Cotton,0
20,Smithville,0
20,St. Charles West,0
20,St. Dominic,0
20,St. Michael the Archangel,42
20,St. Pius X (Kansas City),0
20,St. Teresa's Academy,149
20,Summit Christian Academy,0
20,Timberland,26
20,Ursuline Academy,37
20,Villa Duchesne,121
20,Visitation Academy,171
20,Warrensburg,0
20,Washington,0
20,Webb City,9
20,Webster Groves,137
20,West Plains,22
21,Barstow,0
21,Belton,0
21,Bolivar,0
21,Camdenton,0
21,Capital City,14
21,Carl Junction,18
21,Central (Cape Girardeau),45
21,Central (Springfield),22
21,Clayton,56
21,Father Tolton,133
21,Ft. Zumwalt East,9
21,Ft. Zumwalt South,14
21,Glendale,33
21,Grain Valley,61
21,Grandview,0
21,Greenwood,7
21,Hannibal,11
21,Hillcrest,0
21,Holt,0
21,Incarnate Word Academy,9
21,Jefferson City,0
21,John Burroughs,123
21,Kearney,31
21,Ladue Horton Watkins,59
21,Lebanon,53
21,Lincoln College Prep,12
21,Logan-Rogersville,0
21,Louisiana,45
21,Lutheran South,36
21,Lutheran St. Charles,8
21,Marshfield,0
21,Mehlville,37
21,Monett,47
21,Nerinx Hall,76
21,Nevada,7
21,New Covenant Academy,0
21,North Point,0
21,Notre Dame (Cape Girardeau),0
21,Notre Dame de Sion,115
21,Parkway Central,249
21,Parkway North,0
21,Parkway West,88
21,Platte County,4
21,Poplar Bluff,0
21,Principia,12
21,Rockwood Summit,81
21,STEAM Academy,0
21,Savannah,2
21,Smith-Cotton,0
21,Smithville,0
21,St. Charles West,0
21,St. Dominic,0
21,St. Michael the Archangel,61
21,St. Pius X (Kansas City),0
21,St. Teresa's Academy,161
21,Summit Christian Academy,2
21,Timberland,19
21,Ursuline Academy,55
21,Villa Duchesne,148
21,Visitation Academy,179
21,Warrensburg,0
21,Washington,0
21,Webb City,1
21,Webster Groves,164
21,West Plains,18
22,Barstow,0
22,Belton,0
22,Bolivar,0
22,Camdenton,0
22,Capital City,6
22,Carl Junction,12
22,Central (Cape Girardeau),56
22,Central (Springfield),23
22,Clayton,89
22,Father Tolton,152
22,Ft. Zumwalt East,8
22,Ft. Zumwalt South,17
22,Glendale,58
22,Grain Valley,69
22,Grandview,0
22,Greenwood,24
22,Hannibal,9
22,Hillcrest,0
22,Holt,0
22,Incarnate Word Academy,2
22,Jefferson City,0
22,John Burroughs,115
22,Kearney,48
22,Ladue Horton Watkins,38
22,Lebanon,42
22,Lincoln College Prep,19
22,Logan-Rogersville,0
22,Louisiana,73
22,Lutheran South,37
22,Lutheran St. Charles,20
22,Marshfield,0
22,Mehlville,34
22,Monett,16
22,Nerinx Hall,97
22,Nevada,2
22,New Covenant Academy,0
22,North Point,0
22,Notre Dame (Cape Girardeau),0
22,Notre Dame de Sion,75
22,Parkway Central,227
22,Parkway North,0
22,Parkway West,72
22,Platte County,0
22,Poplar Bluff,12
22,Principia,22
22,Rockwood Summit,90
22,STEAM Academy,0
22,Savannah,1
22,Smith-Cotton,0
22,Smithville,0
22,St. Charles West,0
22,St. Dominic,0
22,St. Michael the Archangel,63
22,St. Pius X (Kansas City),0
22,St. Teresa's Academy,148
22,Summit Christian Academy,0
22,Timberland,27
22,Ursuline Academy,43
22,Villa Duchesne,134
22,Visitation Academy,169
22,Warrensburg,0
22,Washington,0
22,Webb City,10
22,Webster Groves,140
22,West Plains,26
23,Barstow,0
23,Belton,0
23,Bolivar,0
23,Camdenton,0
23,Capital City,11
23,Carl Junction,13
23,Central (Cape Girardeau),54
23,Central (Springfield),20
23,Clayton,66
23,Father Tolton,126
23,Ft. Zumwalt East,5
23,Ft. Zumwalt South,10
23,Glendale,45
23,Grain Valley,71
23,Grandview,0
23,Greenwood,8
23,Hannibal,6
23,Hillcrest,0
23,Holt,0
23,Incarnate Word Academy,3
23,Jefferson City,0
23,John Burroughs,137
23,Kearney,29
23,Ladue Horton Watkins,56
23,Lebanon,38
23,Lincoln College Prep,13
23,Logan-Rogersville,0
23,Louisiana,73
23,Lutheran South,33
23,Lutheran St. Charles,4
23,Marshfield,0
23,Mehlville,37
23,Monett,16
23,Nerinx Hall,64
23,Nevada,14
23,New Covenant Academy,0
23,North Point,0
23,Notre Dame (Cape Girardeau),0
23,Notre Dame de Sion,108
23,Parkway Central,238
23,Parkway North,4
23,Parkway West,99
23,Platte County,0
23,Poplar Bluff,30
23,Principia,19
23,Rockwood Summit,80
23,STEAM Academy,0
23,Savannah,0
23,Smith-Cotton,0
23,Smithville,0
23,St. Charles West,0
23,St. Dominic,0
23,St. Michael the Archangel,71
23,St. Pius X (Kansas City),0
23,St. Teresa's Academy,185
23,Summit Christian Academy,8
23,Timberland,25
23,Ursuline Academy,51
23,Villa Duchesne,116
23,Visitation Academy,165
23,Warrensburg,0
23,Washington,0
23,Webb City,8
23,Webster Groves,150
23,West Plains,16
24,Barstow,0
24,Belton,0
24,Bolivar,0
24,Camdenton,0
24,Capital City,19
24,Carl Junction,13
24,Central (Cape Girardeau),56
24,Central (Springfield),22
24,Clayton,59
24,Father Tolton,132
24,Ft. Zumwalt East,14
24,Ft. Zumwalt South,17
24,Glendale,17
24,Grain Valley,71
24,Grandview,0
24,Greenwood,9
24,Hannibal,11
24,Hillcrest,0
24,Holt,0
24,Incarnate Word Academy,0
24,Jefferson City,2
24,John Burroughs,132
24,Kearney,55
24,Ladue Horton Watkins,59
24,Lebanon,35
24,Lincoln College Prep,17
24,Logan-Rogersville,0
24,Louisiana,62
24,Lutheran South,30
24,Lutheran St. Charles,5
24,Marshfield,0
24,Mehlville,33
24,Monett,22
24,Nerinx Hall,78
24,Nevada,14
24,New Covenant Academy,0
24,North Point,0
24,Notre Dame (Cape Girardeau),0
24,Notre Dame de Sion,120
24,Parkway Central,228
24,Parkway North,2
24,Parkway West,64
24,Platte County,3
24,Poplar Bluff,0
24,Principia,18
24,Rockwood Summit,101
24,STEAM Academy,0
24,Savannah,5
24,Smith-Cotton,0
24,Smithville,0
24,St. Charles West,0
24,St. Dominic,0
24,St. Michael the Archangel,66
24,St. Pius X (Kansas City),0
24,St. Teresa's Academy,150
24,Summit Christian Academy,0
24,Timberland,21
24,Ursuline Academy,79
24,Villa Duchesne,125
24,Visitation Academy,172
24,Warrensburg,0
24,Washington,0
24,Webb City,2
24,Webster Groves,165
24,West Plains,20
25,Barstow,0
25,Belton,0
25,Bolivar,0
25,Camdenton,0
25,Capital City,15
25,Carl Junction,11
25,Central (Cape Girardeau),60
25,Central (Springfield),20
25,Clayton,64
25,Father Tolton,161
25,Ft. Zumwalt East,0
25,Ft. Zumwalt South,15
25,Glendale,35
25,Grain Valley,66
25,Grandview,0
25,Greenwood,15
25,Hannibal,13
25,Hillcrest,0
25,Holt,0
25,Incarnate Word Academy,4
25,Jefferson City,0
25,John Burroughs,110
25,Kearney,43
25,Ladue Horton Watkins,66
25,Lebanon,25
25,Lincoln College Prep,29
25,Logan-Rogersville,0
25,Louisiana,73
25,Lutheran South,34
25,Lutheran St. Charles,6
25,Marshfield,0
25,Mehlville,30
25,Monett,15
25,Nerinx Hall,86
25,Nevada,13
25,New Covenant Academy,0
25,North Point,0
25,Notre Dame (Cape Girardeau),2
25,Notre Dame de Sion,109
25,Parkway Central,235
25,Parkway North,0
25,Parkway West,90
25,Platte County,0
25,Poplar Bluff,0
25,Principia,13
25,Rockwood Summit,77
25,STEAM Academy,0
25,Savannah,5
25,Smith-Cotton,0
25,Smithville,0
25,St. Charles West,0
25,St. Dominic,0
25,St. Michael the Archangel,85
25,St. Pius X (Kansas City),0
25,St. Teresa's Academy,156
25,Summit Christian Academy,0
25,Timberland,27
25,Ursuline Academy,46
25,Villa Duchesne,131
25,Visitation Academy,175
25,Warrensburg,0
25,Washington,0
25,Webb City,6
25,Webster Groves,139
25,West Plains,20
26,Barstow,0
26,Belton,0
26,Bolivar,0
26,Camdenton,0
26,Capital City,11
26,Carl Junction,15
26,Central (Cape Girardeau),62
26,Central (Springfield),25
26,Clayton,57
26,Father Tolton,143
26,Ft. Zumwalt East,8
26,Ft. Zumwalt South,14
26,Glendale,41
26,Grain Valley,78
26,Grandview,0
26,Greenwood,8
26,Hannibal,11
26,Hillcrest,0
26,Holt,0
26,Incarnate Word Academy,1
26,Jefferson City,0
26,John Burroughs,90
26,Kearney,43
26,Ladue Horton Watkins,56
26,Lebanon,30
26,Lincoln College Prep,13
26,Logan-Rogersville,0
26,Louisiana,49
26,Lutheran South,40
26,Lutheran St. Charles,4
26,Marshfield,0
26,Mehlville,34
26,Monett,51
26,Nerinx Hall,55
26,Nevada,11
26,New Covenant Academy,0
26,North Point,0
26,Notre Dame (Cape Girardeau),0
26,Notre Dame de Sion,83
26,Parkway Central,208
26,Parkway North,0
26,Parkway West,90
26,Platte County,3
26,Poplar Bluff,0
26,Principia,17
26,Rockwood Summit,108
26,STEAM Academy,0
26,Savannah,0
26,Smith-Cotton,0
26,Smithville,0
26,St. Charles West,0
26,St. Dominic,0
26,St. Michael the Archangel,92
26,St. Pius X (Kansas City),0
26,St. Teresa's Academy,168
26,Summit Christian Academy,0
26,Timberland,22
26,Ursuline Academy,54
26,Villa Duchesne,139
26,Visitation Academy,185
26,Warrensburg,0
26,Washington,0
26,Webb City,29
26,Webster Groves,161
26,West Plains,16
27,Barstow,0
27,Belton,0
27,Bolivar,2
27,Camdenton,0
27,Capital City,17
27,Carl Junction,14
27,Central (Cape Girardeau),58
27,Central (Springfield),20
27,Clayton,68
27,Father Tolton,132
27,Ft. Zumwalt East,13
27,Ft. Zumwalt South,7
27,Glendale,45
27,Grain Valley,74
27,Grandview,0
27,Greenwood,7
27,Hannibal,9
27,Hillcrest,0
27,Holt,0
27,Incarnate Word Academy,0
27,Jefferson City,0
27,John Burroughs,117
27,Kearney,38
27,Ladue Horton Watkins,80
27,Lebanon,34
27,Lincoln College Prep,22
27,Logan-Rogersville,0
27,Louisiana,58
27,Lutheran South,29
27,Lutheran St. Charles,8
27,Marshfield,0
27,Mehlville,34
27,Monett,24
27,Nerinx Hall,57
27,Nevada,9
27,New Covenant Academy,0
27,North Point,0
27,Notre Dame (Cape Girardeau),0
27,Notre Dame de Sion,86
27,Parkway Central,244
27,Parkway North,2
27,Parkway West,90
27,Platte County,0
27,Poplar Bluff,2
27,Principia,12
27,Rockwood Summit,66
27,STEAM Academy,0
27,Savannah,1
27,Smith-Cotton,0
27,Smithville,0
27,St. Charles West,0
27,St. Dominic,0
27,St. Michael the Archangel,86
27,St. Pius X (Kansas City),0
27,St. Teresa's Academy,186
27,Summit Christian Academy,0
27,Timberland,21
27,Ursuline Academy,46
27,Villa Duchesne,148
27,Visitation Academy,180
27,Warrensburg,0
27,Washington,0
27,Webb City,11
27,Webster Groves,146
27,West Plains,22
28,Barstow,0
28,Belton,0
28,Bolivar,0
28,Camdenton,0
28,Capital City,14
28,Carl Junction,29
28,Central (Cape Girardeau),48
28,Central (Springfield),22
28,Clayton,67
28,Father Tolton,158
28,Ft. Zumwalt East,17
28,Ft. Zumwalt South,12
28,Glendale,49
28,Grain Valley,76
28,Grandview,0
28,Greenwood,6
28,Hannibal,7
28,Hillcrest,0
28,Holt,0
28,Incarnate Word Academy,0
28,Jefferson City,0
28,John Burroughs,103
28,Kearney,28
28,Ladue Horton Watkins,58
28,Lebanon,55
28,Lincoln College Prep,13
28,Logan-Rogersville,0
28,Louisiana,47
28,Lutheran South,32
28,Lutheran St. Charles,6
28,Marshfield,0
28,Mehlville,37
28,Monett,16
28,Nerinx Hall,73
28,Nevada,15
28,New Covenant Academy,0
28,North Point,0
28,Notre Dame (Cape Girardeau),0
28,Notre Dame de Sion,129
28,Parkway Central,234
28,Parkway North,0
28,Parkway West,74
28,Platte County,0
28,Poplar Bluff,0
28,Principia,17
28,Rockwood Summit,83
28,STEAM Academy,0
28,Savannah,3
28,Smith-Cotton,0
28,Smithville,0
28,St. Charles West,0
28,St. Dominic,0
28,St. Michael the Archangel,76
28,St. Pius X (Kansas City),0
28,St. Teresa's Academy,157
28,Summit Christian Academy,0
28,Timberland,29
28,Ursuline Academy,79
28,Villa Duchesne,127
28,Visitation Academy,169
28,Warrensburg,0
28,Washington,0
28,Webb City,18
28,Webster Groves,114
28,West Plains,28
29,Barstow,0
29,Belton,0
29,Bolivar,0
29,Camdenton,0
29,Capital City,19
29,Carl Junction,16
29,Central (Cape Girardeau),45
29,Central (Springfield),30
29,Clayton,94
29,Father Tolton,157
29,Ft. Zumwalt East,7
29,Ft. Zumwalt South,16
29,Glendale,17
29,Grain Valley,84
29,Grandview,0
29,Greenwood,4
29,Hannibal,9
29,Hillcrest,0
29,Holt,0
29,Incarnate Word Academy,0
29,Jefferson City,0
29,John Burroughs,124
29,Kearney,24
29,Ladue Horton Watkins,44
29,Lebanon,44
29,Lincoln College Prep,19
29,Logan-Rogersville,0
29,Louisiana,73
29,Lutheran South,33
29,Lutheran St. Charles,3
29,Marshfield,0
29,Mehlville,36
29,Monett,22
29,Nerinx Hall,67
29,Nevada,14
29,New Covenant Academy,0
29,North Point,0
29,Notre Dame (Cape Girardeau),6
29,Notre Dame de Sion,92
29,Parkway Central,225
29,Parkway North,1
29,Parkway West,67
29,Platte County,0
29,Poplar Bluff,0
29,Principia,11
29,Rockwood Summit,94
29,STEAM Academy,0
29,Savannah,8
29,Smith-Cotton,0
29,Smithville,0
29,St. Charles West,0
29,St. Dominic,0
29,St. Michael the Archangel,72
29,St. Pius X (Kansas City),0
29,St. Teresa's Academy,166
29,Summit Christian Academy,0
29,Timberland,28
29,Ursuline Academy,54
29,Villa Duchesne,154
29,Visitation Academy,161
29,Warrensburg,0
29,Washington,0
29,Webb City,4
29,Webster Groves,159
29,West Plains,22
30,Barstow,0
30,Belton,0
30,Bolivar,0
30,Camdenton,0
30,Capital City,14
30,Carl Junction,31
30,Central (Cape Girardeau),49
30,Central (Springfield),25
30,Clayton,65
30,Father Tolton,166
30,Ft. Zumwalt East,11
30,Ft. Zumwalt South,17
30,Glendale,44
30,Grain Valley,72
30,Grandview,0
30,Greenwood,6
30,Hannibal,4
30,Hillcrest,0
30,Holt,0
30,Incarnate Word Academy,0
30,Jefferson City,0
30,John Burroughs,121
30,Kearney,33
30,Ladue Horton Watkins,62
30,Lebanon,25
30,Lincoln College Prep,8
30,Logan-Rogersville,0
30,Louisiana,62
30,Lutheran South,33
30,Lutheran St. Charles,5
30,Marshfield,0
30,Mehlville,37
30,Monett,12
30,Nerinx Hall,71
30,Nevada,11
30,New Covenant Academy,0
30,North Point,0
30,Notre Dame (Cape Girardeau),2
30,Notre Dame de Sion,110
30,Parkway Central,215
30,Parkway North,0
30,Parkway West,91
30,Platte County,4
30,Poplar Bluff,0
30,Principia,25
30,Rockwood Summit,74
30,STEAM Academy,0
30,Savannah,4
30,Smith-Cotton,0
30,Smithville,0
30,St. Charles West,0
30,St. Dominic,0
30,St. Michael the Archangel,82
30,St. Pius X (Kansas City),0
30,St. Teresa's Academy,177
30,Summit Christian Academy,0
30,Timberland,26
30,Ursuline Academy,61
30,Villa Duchesne,94
30,Visitation Academy,185
30,Warrensburg,0
30,Washington,0
30,Webb City,4
30,Webster Groves,164
30,West Plains,23
31,Barstow,0
31,Belton,0
31,Bolivar,0
31,Camdenton,0
31,Capital City,21
31,Carl Junction,12
31,Central (Cape Girardeau),54
31,Central (Springfield),23
31,Clayton,52
31,Father Tolton,139
31,Ft. Zumwalt East,3
31,Ft. Zumwalt South,12
31,Glendale,48
31,Grain Valley,107
31,Grandview,0
31,Greenwood,18
31,Hannibal,11
31,Hillcrest,0
31,Holt,0
31,Incarnate Word Academy,4
31,Jefferson City,0
31,John Burroughs,92
31,Kearney,45
31,Ladue Horton Watkins,88
31,Lebanon,39
31,Lincoln College Prep,26
31,Logan-Rogersville,0
31,Louisiana,61
31,Lutheran South,34
31,Lutheran St. Charles,4
31,Marshfield,0
31,Mehlville,37
31,Monett,15
31,Nerinx Hall,59
31,Nevada,15
31,New Covenant Academy,0
31,North Point,0
31,Notre Dame (Cape Girardeau),0
31,Notre Dame de Sion,108
31,Parkway Central,214
31,Parkway North,3
31,Parkway West,91
31,Platte County,4
31,Poplar Bluff,0
31,Principia,18
31,Rockwood Summit,97
31,STEAM Academy,0
31,Savannah,0
31,Smith-Cotton,0
31,Smithville,0
31,St. Charles West,0
31,St. Dominic,0
31,St. Michael the Archangel,57
31,St. Pius X (Kansas City),0
31,St. Teresa's Academy,159
31,Summit Christian Academy,0
31,Timberland,28
31,Ursuline Academy,42
31,Villa Duchesne,146
31,Visitation Academy,177
31,Warrensburg,0
31,Washington,0
31,Webb City,4
31,Webster Groves,140
31,West Plains,18
32,Barstow,0
32,Belton,0
32,Bolivar,0
32,Camdenton,0
32,Capital City,7
32,Carl Junction,13
32,Central (Cape Girardeau),51
32,Central (Springfield),25
32,Clayton,65
32,Father Tolton,140
32,Ft. Zumwalt East,6
32,Ft. Zumwalt South,11
32,Glendale,47
32,Grain Valley,67
32,Grandview,0
32,Greenwood,12
32,Hannibal,32
32,Hillcrest,0
32,Holt,0
32,Incarnate Word Academy,0
32,Jefferson City,0
32,John Burroughs,115
32,Kearney,32
32,Ladue Horton Watkins,51
32,Lebanon,55
32,Lincoln College Prep,17
32,Logan-Rogersville,0
32,Louisiana,53
32,Lutheran South,32
32,Lutheran St. Charles,4
32,Marshfield,0
32,Mehlville,33
32,Monett,28
32,Nerinx Hall,68
32,Nevada,9
32,New Covenant Academy,0
32,North Point,0
32,Notre Dame (Cape Girardeau),0
32,Notre Dame de Sion,106
32,Parkway Central,215
32,Parkway North,0
32,Parkway West,95
32,Platte County,5
32,Poplar Bluff,4
32,Principia,17
32,Rockwood Summit,96
32,STEAM Academy,0
32,Savannah,3
32,Smith-Cotton,0
32,Smithville,0
32,St. Charles West,0
32,St. Dominic,0
32,St. Michael the Archangel,75
32,St. Pius X (Kansas City),0
32,St. Teresa's Academy,180
32,Summit Christian Academy,0
32,Timberland,36
32,Ursuline Academy,55
32,Villa Duchesne,146
32,Visitation Academy,168
32,Warrensburg,0
32,Washington,0
32,Webb City,0
32,Webster Groves,137
32,West Plains,14
33,Barstow,0
33,Belton,0
33,Bolivar,0
33,Camdenton,0
33,Capital City,24
33,Carl Junction,12
33,Central (Cape Girardeau),50
33,Central (Springfield),17
33,Clayton,77
33,Father Tolton,152
33,Ft. Zumwalt East,12
33,Ft. Zumwalt South,13
33,Glendale,42
33,Grain Valley,87
33,Grandview,0
33,Greenwood,5
33,Hannibal,11
33,Hillcrest,0
33,Holt,0
33,Incarnate Word Academy,1
33,Jefferson City,0
33,John Burroughs,137
33,Kearney,37
33,Ladue Horton Watkins,50
33,Lebanon,32
33,Lincoln College Prep,14
33,Logan-Rogersville,0
33,Louisiana,61
33,Lutheran South,37
33,Lutheran St. Charles,6
33,Marshfield,0
33,Mehlville,37
33,Monett,25
33,Nerinx Hall,83
33,Nevada,11
33,New Covenant Academy,0
33,North Point,0
33,Notre Dame (Cape Girardeau),0
33,Notre Dame de Sion,133
33,Parkway Central,201
33,Parkway North,0
33,Parkway West,84
33,Platte County,2
33,Poplar Bluff,0
33,Principia,14
33,Rockwood Summit,103
33,STEAM Academy,0
33,Savannah,1
33,Smith-Cotton,0
33,Smithville,0
33,St. Charles West,0
33,St. Dominic,0
33,St. Michael the Archangel,72
33,St. Pius X (Kansas City),0
33,St. Teresa's Academy,176
33,Summit Christian Academy,0
33,Timberland,28
33,Ursuline Academy,37
33,Villa Duchesne,143
33,Visitation Academy,187
33,Warrensburg,0
33,Washington,0
33,Webb City,11
33,Webster Groves,80
33,West Plains,20
34,Barstow,0
34,Belton,0
34,Bolivar,0
34,Camdenton,0
34,Capital City,12
34,Carl Junction,12
34,Central (Cape Girardeau),43
34,Central (Springfield),22
34,Clayton,74
34,Father Tolton,159
34,Ft. Zumwalt East,9
34,Ft. Zumwalt South,19
34,Glendale,37
34,Grain Valley,74
34,Grandview,0
34,Greenwood,5
34,Hannibal,7
34,Hillcrest,0
34,Holt,0
34,Incarnate Word Academy,0
34,Jefferson City,0
34,John Burroughs,129
34,Kearney,31
34,Ladue Horton Watkins,53
34,Lebanon,38
34,Lincoln College Prep,13
34,Logan-Rogersville,0
34,Louisiana,70
34,Lutheran South,36
34,Lutheran St. Charles,2
34,Marshfield,0
34,Mehlville,36
34,Monett,30
34,Nerinx Hall,74
34,Nevada,4
34,New Covenant Academy,0
34,North Point,0
34,Notre Dame (Cape Girardeau),0
34,Notre Dame de Sion,92
34,Parkway Central,232
34,Parkway North,0
34,Parkway West,92
34,Platte County,2
34,Poplar Bluff,0
34,Principia,19
34,Rockwood Summit,80
34,STEAM Academy,0
34,Savannah,14
34,Smith-Cotton,0
34,Smithville,0
34,St. Charles West,0
34,St. Dominic,0
34,St. Michael the Archangel,55
34,St. Pius X (Kansas City),0
34,St. Teresa's Academy,194
34,Summit Christian Academy,0
34,Timberland,23
34,Ursuline Academy,40
34,Villa Duchesne,147
34,Visitation Academy,179
34,Warrensburg,0
34,Washington,0
34,Webb City,9
34,Webster Groves,146
34,West Plains,12
35,Barstow,0
35,Belton,0
35,Bolivar,0
35,Camdenton,0
35,Capital City,13
35,Carl Junction,9
35,Central (Cape Girardeau),52
35,Central (Springfield),25
35,Clayton,74
35,Father Tolton,122
35,Ft. Zumwalt East,8
35,Ft. Zumwalt South,11
35,Glendale,37
35,Grain Valley,82
35,Grandview,0
35,Greenwood,12
35,Hannibal,7
35,Hillcrest,0
35,Holt,0
35,Incarnate Word Academy,0
35,Jefferson City,0
35,John Burroughs,108
35,Kearney,25
35,Ladue Horton Watkins,51
35,Lebanon,28
35,Lincoln College Prep,16
35,Logan-Rogersville,0
35,Louisiana,80
35,Lutheran South,33
35,Lutheran St. Charles,6
35,Marshfield,0
35,Mehlville,34
35,Monett,30
35,Nerinx Hall,86
35,Nevada,11
35,New Covenant Academy,0
35,North Point,0
35,Notre Dame (Cape Girardeau),0
35,Notre Dame de Sion,98
35,Parkway Central,234
35,Parkway North,17
35,Parkway West,62
35,Platte County,2
35,Poplar Bluff,0
35,Principia,19
35,Rockwood Summit,102
35,STEAM Academy,0
35,Savannah,0
35,Smith-Cotton,0
35,Smithville,0
35,St. Charles West,0
35,St. Dominic,0
35,St. Michael the Archangel,109
35,St. Pius X (Kansas City),0
35,St. Teresa's Academy,161
35,Summit Christian Academy,0
35,Timberland,21
35,Ursuline Academy,45
35,Villa Duchesne,138
35,Visitation Academy,181
35,Warrensburg,0
35,Washington,0
35,Webb City,8
35,Webster Groves,145
35,West Plains,23
36,Barstow,0
36,Belton,0
36,Bolivar,0
36,Camdenton,0
36,Capital City,13
36,Carl Junction,11
36,Central (Cape Girardeau),46
36,Central (Springfield),24
36,Clayton,60
36,Father Tolton,155
36,Ft. Zumwalt East,10
36,Ft. Zumwalt South,15
36,Glendale,45
36,Grain Valley,67
36,Grandview,0
36,Greenwood,9
36,Hannibal,7
36,Hillcrest,0
36,Holt,0
36,Incarnate Word Academy,2
36,Jefferson City,3
36,John Burroughs,93
36,Kearney,35
36,Ladue Horton Watkins,60
36,Lebanon,29
36,Lincoln College Prep,15
36,Logan-Rogersville,0
36,Louisiana,73
36,Lutheran South,36
36,Lutheran St. Charles,3
36,Marshfield,0
36,Mehlville,37
36,Monett,37
36,Nerinx Hall,53
36,Nevada,12
36,New Covenant Academy,0
36,North Point,0
36,Notre Dame (Cape Girardeau),0
36,Notre Dame de Sion,114
36,Parkway Central,221
36,Parkway North,0
36,Parkway West,96
36,Platte County,0
36,Poplar Bluff,0
36,Principia,17
36,Rockwood Summit,94
36,STEAM Academy,0
36,Savannah,0
36,Smith-Cotton,0
36,Smithville,0
36,St. Charles West,0
36,St. Dominic,0
36,St. Michael the Archangel,85
36,St. Pius X (Kansas City),0
36,St. Teresa's Academy,185
36,Summit Christian Academy,0
36,Timberland,23
36,Ursuline Academy,52
36,Villa Duchesne,147
36,Visitation Academy,179
36,Warrensburg,0
36,Washington,0
36,Webb City,3
36,Webster Groves,127
36,West Plains,32
37,Barstow,0
37,Belton,0
37,Bolivar,0
37,Camdenton,0
37,Capital City,27
37,Carl Junction,18
37,Central (Cape Girardeau),56
37,Central (Springfield),26
37,Clayton,63
37,Father Tolton,140
37,Ft. Zumwalt East,8
37,Ft. Zumwalt South,17
37,Glendale,25
37,Grain Valley,51
37,Grandview,0
37,Greenwood,9
37,Hannibal,11
37,Hillcrest,0
37,Holt,0
37,Incarnate Word Academy,0
37,Jefferson City,0
37,John Burroughs,123
37,Kearney,25
37,Ladue Horton Watkins,53
37,Lebanon,42
37,Lincoln College Prep,13
37,Logan-Rogersville,0
37,Louisiana,58
37,Lutheran South,37
37,Lutheran St. Charles,5
37,Marshfield,0
37,Mehlville,34
37,Monett,23
37,Nerinx Hall,73
37,Nevada,14
37,New Covenant Academy,0
37,North Point,0
37,Notre Dame (Cape Girardeau),0
37,Notre Dame de Sion,124
37,Parkway Central,225
37,Parkway North,0
37,Parkway West,97
37,Platte County,1
37,Poplar Bluff,0
37,Principia,18
37,Rockwood Summit,108
37,STEAM Academy,0
37,Savannah,4
37,Smith-Cotton,0
37,Smithville,0
37,St. Charles West,0
37,St. Dominic,0
37,St. Michael the Archangel,72
37,St. Pius X (Kansas City),0
37,St. Teresa's Academy,158
37,Summit Christian Academy,0
37,Timberland,25
37,Ursuline Academy,62
37,Villa Duchesne,118
37,Visitation Academy,160
37,Warrensburg,0
37,Washington,0
37,Webb City,24
37,Webster Groves,150
37,West Plains,28
38,Barstow,0
38,Belton,0
38,Bolivar,0
38,Camdenton,0
38,Capital City,14
38,Carl Junction,13
38,Central (Cape Girardeau),40
38,Central (Springfield),18
38,Clayton,88
38,Father Tolton,156
38,Ft. Zumwalt East,14
38,Ft. Zumwalt South,15
38,Glendale,39
38,Grain Valley,64
38,Grandview,0
38,Greenwood,14
38,Hannibal,4
38,Hillcrest,0
38,Holt,0
38,Incarnate Word Academy,2
38,Jefferson City,0
38,John Burroughs,95
38,Kearney,31
38,Ladue Horton Watkins,54
38,Lebanon,37
38,Lincoln College Prep,17
38,Logan-Rogersville,0
38,Louisiana,75
38,Lutheran South,33
38,Lutheran St. Charles,8
38,Marshfield,0
38,Mehlville,35
38,Monett,23
38,Nerinx Hall,54
38,Nevada,11
38,New Covenant Academy,0
38,North Point,0
38,Notre Dame (Cape Girardeau),0
38,Notre Dame de Sion,96
38,Parkway Central,215
38,Parkway North,3
38,Parkway West,119
38,Platte County,1
38,Poplar Bluff,0
38,Principia,24
38,Rockwood Summit,100
38,STEAM Academy,0
38,Savannah,1
38,Smith-Cotton,0
38,Smithville,0
38,St. Charles West,0
38,St. Dominic,0
38,St. Michael the Archangel,55
38,St. Pius X (Kansas City),0
38,St. Teresa's Academy,160
38,Summit Christian Academy,0
38,Timberland,26
38,Ursuline Academy,73
38,Villa Duchesne,141
38,Visitation Academy,170
38,Warrensburg,0
38,Washington,0
38,Webb City,9
38,Webster Groves,154
38,West Plains,24
39,Barstow,0
39,Belton,0
39,Bolivar,0
39,Camdenton,0
39,Capital City,18
39,Carl Junction,14
39,Central (Cape Girardeau),58
39,Central (Springfield),17
39,Clayton,65
39,Father Tolton,151
39,Ft. Zumwalt East,12
39,Ft. Zumwalt South,20
39,Glendale,45
39,Grain Valley,66
39,Grandview,0
39,Greenwood,6
39,Hannibal,15
39,Hillcrest,0
39,Holt,0
39,Incarnate Word Academy,0
39,Jefferson City,1
39,John Burroughs,135
39,Kearney,33
39,Ladue Horton Watkins,62
39,Lebanon,38
39,Lincoln College Prep,15
39,Logan-Rogersville,0
39,Louisiana,58
39,Lutheran South,32
39,Lutheran St. Charles,3
39,Marshfield,0
39,Mehlville,37
39,Monett,12
39,Nerinx Hall,99
39,Nevada,15
39,New Covenant Academy,0
39,North Point,0
39,Notre Dame (Cape Girardeau),0
39,Notre Dame de Sion,79
39,Parkway Central,216
39,Parkway North,1
39,Parkway West,79
39,Platte County,2
39,Poplar Bluff,0
39,Principia,17
39,Rockwood Summit,80
39,STEAM Academy,0
39,Savannah,0
39,Smith-Cotton,0
39,Smithville,0
39,St. Charles West,0
39,St. Dominic,0
39,St. Michael the Archangel,90
39,St. Pius X (Kansas City),0
39,St. Teresa's Academy,156
39,Summit Christian Academy,0
39,Timberland,20
39,Ursuline Academy,79
39,Villa Duchesne,139
39,Visitation Academy,168
39,Warrensburg,0
39,Washington,0
39,Webb City,4
39,Webster Groves,140
39,West Plains,28
40,Barstow,0
40,Belton,0
40,Bolivar,0
40,Camdenton,0
40,Capital City,20
40,Carl Junction,13
40,Central (Cape Girardeau),52
40,Central (Springfield),18
40,Clayton,76
40,Father Tolton,149
40,Ft. Zumwalt East,11
40,Ft. Zumwalt South,9
40,Glendale,47
40,Grain Valley,55
40,Grandview,0
40,Greenwood,6
40,Hannibal,7
40,Hillcrest,0
40,Holt,0
40,Incarnate Word Academy,0
40,Jefferson City,0
40,John Burroughs,122
40,Kearney,38
40,Ladue Horton Watkins,47
40,Lebanon,34
40,Lincoln College Prep,14
40,Logan-Rogersville,0
40,Louisiana,84
40,Lutheran South,32
40,Lutheran St. Charles,7
40,Marshfield,0
40,Mehlville,37
40,Monett,25
40,Nerinx Hall,89
40,Nevada,13
40,New Covenant Academy,0
40,North Point,0
40,Notre Dame (Cape Girardeau),0
40,Notre Dame de Sion,113
40,Parkway Central,226
40,Parkway North,1
40,Parkway West,76
40,Platte County,0
40,Poplar Bluff,0
40,Principia,18
40,Rockwood Summit,99
40,STEAM Academy,0
40,Savannah,8
40,Smith-Cotton,0
40,Smithville,0
40,St. Charles West,0
40,St. Dominic,0
40,St. Michael the Archangel,94
40,St. Pius X (Kansas City),0
40,St. Teresa's Academy,156
40,Summit Christian Academy,0
40,Timberland,18
40,Ursuline Academy,39
40,Villa Duchesne,131
40,Visitation Academy,173
40,Warrensburg,0
40,Washington,0
40,Webb City,3
40,Webster Groves,141
40,West Plains,24
41,Barstow,0
41,Belton,0
41,Bolivar,0
41,Camdenton,0
41,Capital City,15
41,Carl Junction,12
41,Central (Cape Girardeau),60
41,Central (Springfield),19
41,Clayton,92
41,Father Tolton,160
41,Ft. Zumwalt East,12
41,Ft. Zumwalt South,17
41,Glendale,30
41,Grain Valley,79
41,Grandview,0
41,Greenwood,17
41,Hannibal,6
41,Hillcrest,0
41,Holt,0
41,Incarnate Word Academy,5
41,Jefferson City,0
41,John Burroughs,116
41,Kearney,36
41,Ladue Horton Watkins,52
41,Lebanon,44
41,Lincoln College Prep,22
41,Logan-Rogersville,0
41,Louisiana,45
41,Lutheran South,33
41,Lutheran St. Charles,3
41,Marshfield,0
41,Mehlville,34
41,Monett,44
41,Nerinx Hall,66
41,Nevada,6
41,New Covenant Academy,0
41,North Point,0
41,Notre Dame (Cape Girardeau),0
41,Notre Dame de Sion,82
41,Parkway Central,219
41,Parkway North,0
41,Parkway West,79
41,Platte County,3
41,Poplar Bluff,4
41,Principia,16
41,Rockwood Summit,97
41,STEAM Academy,0
41,Savannah,0
41,Smith-Cotton,0
41,Smithville,0
41,St. Charles West,0
41,St. Dominic,0
41,St. Michael the Archangel,88
41,St. Pius X (Kansas City),0
41,St. Teresa's Academy,177
41,Summit Christian Academy,0
41,Timberland,22
41,Ursuline Academy,41
41,Villa Duchesne,135
41,Visitation Academy,173
41,Warrensburg,0
41,Washington,0
41,Webb City,17
41,Webster Groves,130
41,West Plains,17
42,Barstow,0
42,Belton,0
42,Bolivar,0
42,Camdenton,0
42,Capital City,14
42,Carl Junction,14
42,Central (Cape Girardeau),50
42,Central (Springfield),23
42,Clayton,71
42,Father Tolton,140
42,Ft. Zumwalt East,10
42,Ft. Zumwalt South,9
42,Glendale,39
42,Grain Valley,77
42,Grandview,0
42,Greenwood,7
42,Hannibal,5
42,Hillcrest,0
42,Holt,0
42,Incarnate Word Academy,0
42,Jefferson City,0
42,John Burroughs,103
42,Kearney,51
42,Ladue Horton Watkins,45
42,Lebanon,42
42,Lincoln College Prep,18
42,Logan-Rogersville,0
42,Louisiana,59
42,Lutheran South,33
42,Lutheran St. Charles,2
42,Marshfield,0
42,Mehlville,36
42,Monett,36
42,Nerinx Hall,91
42,Nevada,13
42,New Covenant Academy,0
42,North Point,0
42,Notre Dame (Cape Girardeau),0
42,Notre Dame de Sion,128
42,Parkway Central,244
42,Parkway North,0
42,Parkway West,74
42,Platte County,5
42,Poplar Bluff,4
42,Principia,22
42,Rockwood Summit,90
42,STEAM Academy,0
42,Savannah,2
42,Smith-Cotton,0
42,Smithville,0
42,St. Charles West,0
42,St. Dominic,0
42,St. Michael the Archangel,36
42,St. Pius X (Kansas City),0
42,St. Teresa's Academy,176
42,Summit Christian Academy,0
42,Timberland,26
42,Ursuline Academy,58
42,Villa Duchesne,137
42,Visitation Academy,167
42,Warrensburg,0
42,Washington,0
42,Webb City,2
42,Webster Groves,142
42,West Plains,24
43,Barstow,0
43,Belton,0
43,Bolivar,0
43,Camdenton,0
43,Capital City,15
43,Carl Junction,15
43,Central (Cape Girardeau),58
43,Central (Springfield),26
43,Clayton,52
43,Father Tolton,108
43,Ft. Zumwalt East,7
43,Ft. Zumwalt South,15
43,Glendale,43
43,Grain Valley,72
43,Grandview,0
43,Greenwood,10
43,Hannibal,6
43,Hillcrest,0
43,Holt,0
43,Incarnate Word Academy,0
43,Jefferson City,0
43,John Burroughs,117
43,Kearney,48
43,Ladue Horton Watkins,43
43,Lebanon,26
43,Lincoln College Prep,13
43,Logan-Rogersville,0
43,Louisiana,98
43,Lutheran South,34
43,Lutheran St. Charles,3
43,Marshfield,0
43,Mehlville,37
43,Monett,24
43,Nerinx Hall,82
43,Nevada,12
43,New Covenant Academy,0
43,North Point,0
43,Notre Dame (Cape Girardeau),0
43,Notre Dame de Sion,105
43,Parkway Central,223
43,Parkway North,3
43,Parkway West,82
43,Platte County,4
43,Poplar Bluff,6
43,Principia,13
43,Rockwood Summit,97
43,STEAM Academy,0
43,Savannah,0
43,Smith-Cotton,0
43,Smithville,0
43,St. Charles West,0
43,St. Dominic,0
43,St. Michael the Archangel,72
43,St. Pius X (Kansas City),0
43,St. Teresa's Academy,160
43,Summit Christian Academy,0
43,Timberland,25
43,Ursuline Academy,57
43,Villa Duchesne,136
43,Visitation Academy,178
43,Warrensburg,0
43,Washington,0
43,Webb City,28
43,Webster Groves,148
43,West Plains,24
44,Barstow,0
44,Belton,0
44,Bolivar,0
44,Camdenton,0
44,Capital City,17
44,Carl Junction,14
44,Central (Cape Girardeau),49
44,Central (Springfield),23
44,Clayton,63
44,Father Tolton,140
44,Ft. Zumwalt East,11
44,Ft. Zumwalt South,8
44,Glendale,39
44,Grain Valley,58
44,Grandview,0
44,Greenwood,7
44,Hannibal,11
44,Hillcrest,0
44,Holt,0
44,Incarnate Word Academy,0
44,Jefferson City,0
44,John Burroughs,115
44,Kearney,36
44,Ladue Horton Watkins,55
44,Lebanon,38
44,Lincoln College Prep,19
44,Logan-Rogersville,0
44,Louisiana,72
44,Lutheran South,33
44,Lutheran St. Charles,9
44,Marshfield,0
44,Mehlville,37
44,Monett,13
44,Nerinx Hall,64
44,Nevada,14
44,New Covenant Academy,0
44,North Point,0
44,Notre Dame (Cape Girardeau),0
44,Notre Dame de Sion,124
44,Parkway Central,209
44,Parkway North,1
44,Parkway West,89
44,Platte County,3
44,Poplar Bluff,0
44,Principia,22
44,Rockwood Summit,87
44,STEAM Academy,0
44,Savannah,0
44,Smith-Cotton,0
44,Smithville,0
44,St. Charles West,0
44,St. Dominic,0
44,St. Michael the Archangel,76
44,St. Pius X (Kansas City),0
44,St. Teresa's Academy,160
44,Summit Christian Academy,6
44,Timberland,26
44,Ursuline Academy,66
44,Villa Duchesne,144
44,Visitation Academy,184
44,Warrensburg,0
44,Washington,0
44,Webb City,1
44,Webster Groves,161
44,West Plains,21
45,Barstow,0
45,Belton,0
45,Bolivar,0
45,Camdenton,0
45,Capital City,16
45,Carl Junction,12
45,Central (Cape Girardeau),54
45,Central (Springfield),29
45,Clayton,64
45,Father Tolton,161
45,Ft. Zumwalt East,8
45,Ft. Zumwalt South,13
45,Glendale,39
45,Grain Valley,64
45,Grandview,0
45,Greenwood,4
45,Hannibal,9
45,Hillcrest,0
45,Holt,0
45,Incarnate Word Academy,0
45,Jefferson City,0
45,John Burroughs,104
45,Kearney,18
45,Ladue Horton Watkins,71
45,Lebanon,38
45,Lincoln College Prep,17
45,Logan-Rogersville,0
45,Louisiana,78
45,Lutheran South,34
45,Lutheran St. Charles,2
45,Marshfield,0
45,Mehlville,33
45,Monett,14
45,Nerinx Hall,87
45,Nevada,11
45,New Covenant Academy,0
45,North Point,0
45,Notre Dame (Cape Girardeau),0
45,Notre Dame de Sion,90
45,Parkway Central,216
45,Parkway North,0
45,Parkway West,79
45,Platte County,0
45,Poplar Bluff,0
45,Principia,13
45,Rockwood Summit,81
45,STEAM Academy,0
45,Savannah,3
45,Smith-Cotton,0
45,Smithville,0
45,St. Charles West,0
45,St. Dominic,0
45,St. Michael the Archangel,99
45,St. Pius X (Kansas City),0
45,St. Teresa's Academy,179
45,Summit Christian Academy,0
45,Timberland,31
45,Ursuline Academy,53
45,Villa Duchesne,133
45,Visitation Academy,185
45,Warrensburg,0
45,Washington,0
45,Webb City,33
45,Webster Groves,131
45,West Plains,19
46,Barstow,0
46,Belton,0
46,Bolivar,0
46,Camdenton,0
46,Capital City,12
46,Carl Junction,11
46,Central (Cape Girardeau),44
46,Central (Springfield),33
46,Clayton,59
46,Father Tolton,144
46,Ft. Zumwalt East,14
46,Ft. Zumwalt South,18
46,Glendale,39
46,Grain Valley,48
46,Grandview,0
46,Greenwood,7
46,Hannibal,13
46,Hillcrest,0
46,Holt,0
46,Incarnate Word Academy,1
46,Jefferson City,0
46,John Burroughs,111
46,Kearney,42
46,Ladue Horton Watkins,47
46,Lebanon,44
46,Lincoln College Prep,12
46,Logan-Rogersville,0
46,Louisiana,58
46,Lutheran South,27
46,Lutheran St. Charles,4
46,Marshfield,0
46,Mehlville,32
46,Monett,23
46,Nerinx Hall,99
46,Nevada,7
46,New Covenant Academy,0
46,North Point,0
46,Notre Dame (Cape Girardeau),0
46,Notre Dame de Sion,135
46,Parkway Central,213
46,Parkway North,1
46,Parkway West,99
46,Platte County,0
46,Poplar Bluff,0
46,Principia,12
46,Rockwood Summit,99
46,STEAM Academy,0
46,Savannah,1
46,Smith-Cotton,0
46,Smithville,0
46,St. Charles West,0
46,St. Dominic,0
46,St. Michael the Archangel,70
46,St. Pius X (Kansas City),0
46,St. Teresa's Academy,193
46,Summit Christian Academy,0
46,Timberland,27
46,Ursuline Academy,43
46,Villa Duchesne,130
46,Visitation Academy,188
46,Warrensburg,0
46,Washington,0
46,Webb City,4
46,Webster Groves,139
46,West Plains,22
47,Barstow,0
47,Belton,0
47,Bolivar,0
47,Camdenton,0
47,Capital City,12
47,Carl Junction,13
47,Central (Cape Girardeau),61
47,Central (Springfield),18
47,Clayton,53
47,Father Tolton,140
47,Ft. Zumwalt East,10
47,Ft. Zumwalt South,16
47,Glendale,27
47,Grain Valley,95
47,Grandview,0
47,Greenwood,6
47,Hannibal,6
47,Hillcrest,0
47,Holt,0
47,Incarnate Word Academy,3
47,Jefferson City,0
47,John Burroughs,111
47,Kearney,44
47,Ladue Horton Watkins,64
47,Lebanon,27
47,Lincoln College Prep,13
47,Logan-Rogersville,0
47,Louisiana,82
47,Lutheran South,34
47,Lutheran St. Charles,5
47,Marshfield,0
47,Mehlville,36
47,Monett,27
47,Nerinx Hall,72
47,Nevada,15
47,New Covenant Academy,0
47,North Point,0
47,Notre Dame (Cape Girardeau),0
47,Notre Dame de Sion,116
47,Parkway Central,225
47,Parkway North,0
47,Parkway West,89
47,Platte County,3
47,Poplar Bluff,6
47,Principia,16
47,Rockwood Summit,113
47,STEAM Academy,0
47,Savannah,0
47,Smith-Cotton,0
47,Smithville,0
47,St. Charles West,0
47,St. Dominic,0
47,St. Michael the Archangel,68
47,St. Pius X (Kansas City),0
47,St. Teresa's Academy,137
47,Summit Christian Academy,0
47,Timberland,27
47,Ursuline Academy,43
47,Villa Duchesne,139
47,Visitation Academy,170
47,Warrensburg,0
47,Washington,0
47,Webb City,16
47,Webster Groves,140
47,West Plains,27
48,Barstow,0
48,Belton,0
48,Bolivar,0
48,Camdenton,0
48,Capital City,13
48,Carl Junction,13
48,Central (Cape Girardeau),53
48,Central (Springfield),22
48,Clayton,69
48,Father Tolton,150
48,Ft. Zumwalt East,9
48,Ft. Zumwalt South,8
48,Glendale,17
48,Grain Valley,80
48,Grandview,0
48,Greenwood,7
48,Hannibal,39
48,Hillcrest,0
48,Holt,0
48,Incarnate Word Academy,0
48,Jefferson City,2
48,John Burroughs,104
48,Kearney,40
48,Ladue Horton Watkins,46
48,Lebanon,48
48,Lincoln College Prep,15
48,Logan-Rogersville,0
48,Louisiana,43
48,Lutheran South,32
48,Lutheran St. Charles,5
48,Marshfield,0
48,Mehlville,29
48,Monett,14
48,Nerinx Hall,77
48,Nevada,14
48,New Covenant Academy,0
48,North Point,0
48,Notre Dame (Cape Girardeau),0
48,Notre Dame de Sion,113
48,Parkway Central,244
48,Parkway North,0
48,Parkway West,89
48,Platte County,3
48,Poplar Bluff,0
48,Principia,18
48,Rockwood Summit,95
48,STEAM Academy,0
48,Savannah,2
48,Smith-Cotton,0
48,Smithville,0
48,St. Charles West,0
48,St. Dominic,0
48,St. Michael the Archangel,66
48,St. Pius X (Kansas City),0
48,St. Teresa's Academy,192
48,Summit Christian Academy,0
48,Timberland,23
48,Ursuline Academy,44
48,Villa Duchesne,118
48,Visitation Academy,178
48,Warrensburg,0
48,Washington,0
48,Webb City,7
48,Webster Groves,161
48,West Plains,23
49,Barstow,0
49,Belton,0
49,Bolivar,0
49,Camdenton,0
49,Capital City,15
49,Carl Junction,21
49,Central (Cape Girardeau),51
49,Central (Springfield),22
49,Clayton,74
49,Father Tolton,127
49,Ft. Zumwalt East,11
49,Ft. Zumwalt South,18
49,Glendale,21
49,Grain Valley,77
49,Grandview,0
49,Greenwood,7
49,Hannibal,3
49,Hillcrest,0
49,Holt,0
49,Incarnate Word Academy,1
49,Jefferson City,0
49,John Burroughs,123
49,Kearney,27
49,Ladue Horton Watkins,92
49,Lebanon,62
49,Lincoln College Prep,10
49,Logan-Rogersville,0
49,Louisiana,51
49,Lutheran South,37
49,Lutheran St. Charles,6
49,Marshfield,0
49,Mehlville,32
49,Monett,38
49,Nerinx Hall,73
49,Nevada,13
49,New Covenant Academy,0
49,North Point,0
49,Notre Dame (Cape Girardeau),0
49,Notre Dame de Sion,94
49,Parkway Central,226
49,Parkway North,0
49,Parkway West,87
49,Platte County,0
49,Poplar Bluff,0
49,Principia,18
49,Rockwood Summit,87
49,STEAM Academy,0
49,Savannah,1
49,Smith-Cotton,0
49,Smithville,0
49,St. Charles West,0
49,St. Dominic,0
49,St. Michael the Archangel,78
49,St. Pius X (Kansas City),0
49,St. Teresa's Academy,164
49,Summit Christian Academy,0
49,Timberland,13
49,Ursuline Academy,53
49,Villa Duchesne,144
49,Visitation Academy,179
49,Warrensburg,0
49,Washington,0
49,Webb City,14
49,Webster Groves,137
49,West Plains,18
50,Barstow,0
50,Belton,0
50,Bolivar,0
50,Camdenton,0
50,Capital City,16
50,Carl Junction,13
50,Central (Cape Girardeau),48
50,Central (Springfield),28
50,Clayton,80
50,Father Tolton,154
50,Ft. Zumwalt East,10
50,Ft. Zumwalt South,9
50,Glendale,39
50,Grain Valley,79
50,Grandview,0
50,Greenwood,7
50,Hannibal,2
50,Hillcrest,0
50,Holt,0
50,Incarnate Word Academy,0
50,Jefferson City,0
50,John Burroughs,119
50,Kearney,32
50,Ladue Horton Watkins,48
50,Lebanon,42
50,Lincoln College Prep,15
50,Logan-Rogersville,0
50,Louisiana,36
50,Lutheran South,31
50,Lutheran St. Charles,5
50,Marshfield,0
50,Mehlville,36
50,Monett,37
50,Nerinx Hall,46
50,Nevada,17
50,New Covenant Academy,0
50,North Point,0
50,Notre Dame (Cape Girardeau),0
50,Notre Dame de Sion,111
50,Parkway Central,231
50,Parkway North,0
50,Parkway West,89
50,Platte County,2
50,Poplar Bluff,0
50,Principia,17
50,Rockwood Summit,85
50,STEAM Academy,0
50,Savannah,2
50,Smith-Cotton,0
50,Smithville,0
50,St. Charles West,0
50,St. Dominic,0
50,St. Michael the Archangel,63
50,St. Pius X (Kansas City),0
50,St. Teresa's Academy,178
50,Summit Christian Academy,0
50,Timberland,25
50,Ursuline Academy,66
50,Villa Duchesne,160
50,Visitation Academy,178
50,Warrensburg,0
50,Washington,0
50,Webb City,0
50,Webster Groves,147
50,West Plains,22
51,Barstow,0
51,Belton,0
51,Bolivar,0
51,Camdenton,0
51,Capital City,17
51,Carl Junction,15
51,Central (Cape Girardeau),51
51,Central (Springfield),24
51,Clayton,73
51,Father Tolton,148
51,Ft. Zumwalt East,14
51,Ft. Zumwalt South,14
51,Glendale,44
51,Grain Valley,92
51,Grandview,0
51,Greenwood,6
51,Hannibal,13
51,Hillcrest,0
51,Holt,0
51,Incarnate Word Academy,3
51,Jefferson City,0
51,John Burroughs,123
51,Kearney,40
51,Ladue Horton Watkins,92
51,Lebanon,33
51,Lincoln College Prep,15
51,Logan-Rogersville,0
51,Louisiana,69
51,Lutheran South,31
51,Lutheran St. Charles,8
51,Marshfield,0
51,Mehlville,34
51,Monett,17
51,Nerinx Hall,47
51,Nevada,7
51,New Covenant Academy,0
51,North Point,0
51,Notre Dame (Cape Girardeau),0
51,Notre Dame de Sion,100
51,Parkway Central,215
51,Parkway North,1
51,Parkway West,75
51,Platte County,0
51,Poplar Bluff,0
51,Principia,11
51,Rockwood Summit,91
51,STEAM Academy,0
51,Savannah,2
51,Smith-Cotton,0
51,Smithville,0
51,St. Charles West,0
51,St. Dominic,0
51,St. Michael the Archangel,57
51,St. Pius X (Kansas City),0
51,St. Teresa's Academy,161
51,Summit Christian Academy,0
51,Timberland,26
51,Ursuline Academy,43
51,Villa Duchesne,148
51,Visitation Academy,181
51,Warrensburg,0
51,Washington,0
51,Webb City,4
51,Webster Groves,144
51,West Plains,36
52,Barstow,0
52,Belton,0
52,Bolivar,0
52,Camdenton,0
52,Capital City,13
52,Carl Junction,15
52,Central (Cape Girardeau),47
52,Central (Springfield),17
52,Clayton,77
52,Father Tolton,144
52,Ft. Zumwalt East,10
52,Ft. Zumwalt South,11
52,Glendale,37
52,Grain Valley,79
52,Grandview,0
52,Greenwood,7
52,Hannibal,3
52,Hillcrest,0
52,Holt,0
52,Incarnate Word Academy,4
52,Jefferson City,0
52,John Burroughs,124
52,Kearney,35
52,Ladue Horton Watkins,63
52,Lebanon,61
52,Lincoln College Prep,14
52,Logan-Rogersville,0
52,Louisiana,51
52,Lutheran South,34
52,Lutheran St. Charles,4
52,Marshfield,0
52,Mehlville,33
52,Monett,21
52,Nerinx Hall,52
52,Nevada,13
52,New Covenant Academy,0
52,North Point,0
52,Notre Dame (Cape Girardeau),0
52,Notre Dame de Sion,109
52,Parkway Central,235
52,Parkway North,1
52,Parkway West,66
52,Platte County,1
52,Poplar Bluff,10
52,Principia,18
52,Rockwood Summit,93
52,STEAM Academy,0
52,Savannah,3
52,Smith-Cotton,0
52,Smithville,0
52,St. Charles West,0
52,St. Dominic,0
52,St. Michael the Archangel,73
52,St. Pius X (Kansas City),0
52,St. Teresa's Academy,189
52,Summit Christian Academy,0
52,Timberland,26
52,Ursuline Academy,49
52,Villa Duchesne,142
52,Visitation Academy,168
52,Warrensburg,0
52,Washington,0
52,Webb City,1
52,Webster Groves,146
52,West Plains,26
53,Barstow,0
53,Belton,0
53,Bolivar,0
53,Camdenton,0
53,Capital City,14
53,Carl Junction,16
53,Central (Cape Girardeau),48
53,Central (Springfield),22
53,Clayton,59
53,Father Tolton,138
53,Ft. Zumwalt East,12
53,Ft. Zumwalt South,17
53,Glendale,46
53,Grain Valley,89
53,Grandview,0
53,Greenwood,9
53,Hannibal,6
53,Hillcrest,0
53,Holt,0
53,Incarnate Word Academy,1
53,Jefferson City,0
53,John Burroughs,138
53,Kearney,38
53,Ladue Horton Watkins,68
53,Lebanon,34
53,Lincoln College Prep,18
53,Logan-Rogersville,0
53,Louisiana,72
53,Lutheran South,33
53,Lutheran St. Charles,6
53,Marshfield,0
53,Mehlville,33
53,Monett,38
53,Nerinx Hall,51
53,Nevada,4
53,New Covenant Academy,0
53,North Point,0
53,Notre Dame (Cape Girardeau),2
53,Notre Dame de Sion,110
53,Parkway Central,219
53,Parkway North,1
53,Parkway West,82
53,Platte County,0
53,Poplar Bluff,0
53,Principia,19
53,Rockwood Summit,93
53,STEAM Academy,0
53,Savannah,2
53,Smith-Cotton,0
53,Smithville,0
53,St. Charles West,0
53,St. Dominic,0
53,St. Michael the Archangel,55
53,St. Pius X (Kansas City),0
53,St. Teresa's Academy,168
53,Summit Christian Academy,0
53,Timberland,23
53,Ursuline Academy,75
53,Villa Duchesne,133
53,Visitation Academy,168
53,Warrensburg,0
53,Washington,0
53,Webb City,8
53,Webster Groves,131
53,West Plains,26
54,Barstow,0
54,Belton,0
54,Bolivar,0
54,Camdenton,0
54,Capital City,17
54,Carl Junction,20
54,Central (Cape Girardeau),54
54,Central (Springfield),17
54,Clayton,76
54,Father Tolton,157
54,Ft. Zumwalt East,13
54,Ft. Zumwalt South,15
54,Glendale,28
54,Grain Valley,92
54,Grandview,0
54,Greenwood,6
54,Hannibal,16
54,Hillcrest,0
54,Holt,0
54,Incarnate Word Academy,1
54,Jefferson City,0
54,John Burroughs,114
54,Kearney,30
54,Ladue Horton Watkins,58
54,Lebanon,57
54,Lincoln College Prep,19
54,Logan-Rogersville,0
54,Louisiana,49
54,Lutheran South,32
54,Lutheran St. Charles,6
54,Marshfield,0
54,Mehlville,36
54,Monett,31
54,Nerinx Hall,73
54,Nevada,7
54,New Covenant Academy,0
54,North Point,0
54,Notre Dame (Cape Girardeau),0
54,Notre Dame de Sion,101
54,Parkway Central,220
54,Parkway North,1
54,Parkway West,82
54,Platte County,0
54,Poplar Bluff,6
54,Principia,13
54,Rockwood Summit,80
54,STEAM Academy,0
54,Savannah,5
54,Smith-Cotton,0
54,Smithville,0
54,St. Charles West,0
54,St. Dominic,0
54,St. Michael the Archangel,84
54,St. Pius X (Kansas City),0
54,St. Teresa's Academy,163
54,Summit Christian Academy,4
54,Timberland,24
54,Ursuline Academy,75
54,Villa Duchesne,120
54,Visitation Academy,167
54,Warrensburg,0
54,Washington,0
54,Webb City,0
54,Webster Groves,143
54,West Plains,13
55,Barstow,0
55,Belton,0
55,Bolivar,0
55,Camdenton,0
55,Capital City,8
55,Carl Junction,13
55,Central (Cape Girardeau),54
55,Central (Springfield),31
55,Clayton,66
55,Father Tolton,145
55,Ft. Zumwalt East,13
55,Ft. Zumwalt South,20
55,Glendale,46
55,Grain Valley,73
55,Grandview,0
55,Greenwood,6
55,Hannibal,7
55,Hillcrest,0
55,Holt,0
55,Incarnate Word Academy,2
55,Jefferson City,0
55,John Burroughs,101
55,Kearney,29
55,Ladue Horton Watkins,54
55,Lebanon,45
55,Lincoln College Prep,15
55,Logan-Rogersville,0
55,Louisiana,69
55,Lutheran South,36
55,Lutheran St. Charles,4
55,Marshfield,0
55,Mehlville,37
55,Monett,34
55,Nerinx Hall,78
55,Nevada,9
55,New Covenant Academy,0
55,North Point,0
55,Notre Dame (Cape Girardeau),0
55,Notre Dame de Sion,99
55,Parkway Central,229
55,Parkway North,3
55,Parkway West,84
55,Platte County,6
55,Poplar Bluff,0
55,Principia,19
55,Rockwood Summit,102
55,STEAM Academy,0
55,Savannah,3
55,Smith-Cotton,0
55,Smithville,0
55,St. Charles West,0
55,St. Dominic,0
55,St. Michael the Archangel,73
55,St. Pius X (Kansas City),0
55,St. Teresa's Academy,173
55,Summit Christian Academy,0
55,Timberland,23
55,Ursuline Academy,53
55,Villa Duchesne,124
55,Visitation Academy,165
55,Warrensburg,0
55,Washington,0
55,Webb City,3
55,Webster Groves,148
55,West Plains,23
56,Barstow,0
56,Belton,0
56,Bolivar,0
56,Camdenton,0
56,Capital City,14
56,Carl Junction,12
56,Central (Cape Girardeau),43
56,Central (Springfield),22
56,Clayton,53
56,Father Tolton,146
56,Ft. Zumwalt East,10
56,Ft. Zumwalt South,21
56,Glendale,41
56,Grain Valley,67
56,Grandview,0
56,Greenwood,4
56,Hannibal,9
56,Hillcrest,0
56,Holt,0
56,Incarnate Word Academy,4
56,Jefferson City,0
56,John Burroughs,122
56,Kearney,21
56,Ladue Horton Watkins,46
56,Lebanon,47
56,Lincoln College Prep,18
56,Logan-Rogersville,0
56,Louisiana,89
56,Lutheran South,32
56,Lutheran St. Charles,4
56,Marshfield,0
56,Mehlville,36
56,Monett,24
56,Nerinx Hall,89
56,Nevada,13
56,New Covenant Academy,0
56,North Point,0
56,Notre Dame (Cape Girardeau),0
56,Notre Dame de Sion,102
56,Parkway Central,233
56,Parkway North,1
56,Parkway West,45
56,Platte County,0
56,Poplar Bluff,0
56,Principia,18
56,Rockwood Summit,98
56,STEAM Academy,0
56,Savannah,6
56,Smith-Cotton,0
56,Smithville,0
56,St. Charles West,0
56,St. Dominic,0
56,St. Michael the Archangel,56
56,St. Pius X (Kansas City),0
56,St. Teresa's Academy,176
56,Summit Christian Academy,0
56,Timberland,25
56,Ursuline Academy,55
56,Villa Duchesne,144
56,Visitation Academy,176
56,Warrensburg,0
56,Washington,0
56,Webb City,20
56,Webster Groves,163
56,West Plains,20
57,Barstow,0
57,Belton,0
57,Bolivar,0
57,Camdenton,0
57,Capital City,11
57,Carl Junction,15
57,Central (Cape Girardeau),57
57,Central (Springfield),19
57,Clayton,71
57,Father Tolton,143
57,Ft. Zumwalt East,11
57,Ft. Zumwalt South,13
57,Glendale,36
57,Grain Valley,69
57,Grandview,0
57,Greenwood,8
57,Hannibal,18
57,Hillcrest,0
57,Holt,0
57,Incarnate Word Academy,4
57,Jefferson City,0
57,John Burroughs,114
57,Kearney,36
57,Ladue Horton Watkins,52
57,Lebanon,44
57,Lincoln College Prep,17
57,Logan-Rogersville,0
57,Louisiana,57
57,Lutheran South,31
57,Lutheran St. Charles,1
57,Marshfield,0
57,Mehlville,37
57,Monett,23
57,Nerinx Hall,56
57,Nevada,9
57,New Covenant Academy,0
57,North Point,0
57,Notre Dame (Cape Girardeau),0
57,Notre Dame de Sion,106
57,Parkway Central,229
57,Parkway North,0
57,Parkway West,68
57,Platte County,4
57,Poplar Bluff,0
57,Principia,20
57,Rockwood Summit,104
57,STEAM Academy,0
57,Savannah,8
57,Smith-Cotton,0
57,Smithville,0
57,St. Charles West,0
57,St. Dominic,0
57,St. Michael the Archangel,76
57,St. Pius X (Kansas City),0
57,St. Teresa's Academy,136
57,Summit Christian Academy,0
57,Timberland,27
57,Ursuline Academy,51
57,Villa Duchesne,163
57,Visitation Academy,172
57,Warrensburg,0
57,Washington,0
57,Webb City,2
57,Webster Groves,165
57,West Plains,42
58,Barstow,0
58,Belton,0
58,Bolivar,0
58,Camdenton,0
58,Capital City,10
58,Carl Junction,7
58,Central (Cape Girardeau),54
58,Central (Springfield),30
58,Clayton,71
58,Father Tolton,145
58,Ft. Zumwalt East,8
58,Ft. Zumwalt South,15
58,Glendale,32
58,Grain Valley,71
58,Grandview,0
58,Greenwood,4
58,Hannibal,12
58,Hillcrest,0
58,Holt,0
58,Incarnate Word Academy,0
58,Jefferson City,0
58,John Burroughs,131
58,Kearney,23
58,Ladue Horton Watkins,55
58,Lebanon,37
58,Lincoln College Prep,14
58,Logan-Rogersville,0
58,Louisiana,75
58,Lutheran South,29
58,Lutheran St. Charles,8
58,Marshfield,0
58,Mehlville,37
58,Monett,25
58,Nerinx Hall,75
58,Nevada,15
58,New Covenant Academy,0
58,North Point,0
58,Notre Dame (Cape Girardeau),1
58,Notre Dame de Sion,105
58,Parkway Central,232
58,Parkway North,0
58,Parkway West,94
58,Platte County,4
58,Poplar Bluff,0
58,Principia,18
58,Rockwood Summit,96
58,STEAM Academy,0
58,Savannah,12
58,Smith-Cotton,0
58,Smithville,0
58,St. Charles West,0
58,St. Dominic,0
58,St. Michael the Archangel,69
58,St. Pius X (Kansas City),0
58,St. Teresa's Academy,146
58,Summit Christian Academy,0
58,Timberland,26
58,Ursuline Academy,49
58,Villa Duchesne,151
58,Visitation Academy,172
58,Warrensburg,0
58,Washington,0
58,Webb City,6
58,Webster Groves,143
58,West Plains,18
59,Barstow,0
59,Belton,0
59,Bolivar,0
59,Camdenton,0
59,Capital City,16
59,Carl Junction,22
59,Central (Cape Girardeau),55
59,Central (Springfield),26
59,Clayton,70
59,Father Tolton,150
59,Ft. Zumwalt East,11
59,Ft. Zumwalt South,18
59,Glendale,41
59,Grain Valley,59
59,Grandview,0
59,Greenwood,3
59,Hannibal,7
59,Hillcrest,0
59,Holt,0
59,Incarnate Word Academy,0
59,Jefferson City,2
59,John Burroughs,123
59,Kearney,27
59,Ladue Horton Watkins,57
59,Lebanon,66
59,Lincoln College Prep,18
59,Logan-Rogersville,0
59,Louisiana,60
59,Lutheran South,32
59,Lutheran St. Charles,5
59,Marshfield,0
59,Mehlville,37
59,Monett,23
59,Nerinx Hall,93
59,Nevada,9
59,New Covenant Academy,0
59,North Point,0
59,Notre Dame (Cape Girardeau),0
59,Notre Dame de Sion,104
59,Parkway Central,226
59,Parkway North,1
59,Parkway West,86
59,Platte County,2
59,Poplar Bluff,0
59,Principia,15
59,Rockwood Summit,108
59,STEAM Academy,0
59,Savannah,1
59,Smith-Cotton,0
59,Smithville,0
59,St. Charles West,0
59,St. Dominic,0
59,St. Michael the Archangel,51
59,St. Pius X (Kansas City),0
59,St. Teresa's Academy,182
59,Summit Christian Academy,0
59,Timberland,24
59,Ursuline Academy,41
59,Villa Duchesne,121
59,Visitation Academy,188
59,Warrensburg,0
59,Washington,0
59,Webb City,15
59,Webster Groves,100
59,West Plains,30
60,Barstow,0
60,Belton,0
60,Bolivar,0
60,Camdenton,0
60,Capital City,16
60,Carl Junction,13
60,Central (Cape Girardeau),57
60,Central (Springfield),19
60,Clayton,53
60,Father Tolton,151
60,Ft. Zumwalt East,13
60,Ft. Zumwalt South,13
60,Glendale,25
60,Grain Valley,112
60,Grandview,0
60,Greenwood,0
60,Hannibal,7
60,Hillcrest,0
60,Holt,0
60,Incarnate Word Academy,2
60,Jefferson City,0
60,John Burroughs,122
60,Kearney,34
60,Ladue Horton Watkins,58
60,Lebanon,35
60,Lincoln College Prep,21
60,Logan-Rogersville,0
60,Louisiana,43
60,Lutheran South,32
60,Lutheran St. Charles,15
60,Marshfield,0
60,Mehlville,31
60,Monett,29
60,Nerinx Hall,85
60,Nevada,11
60,New Covenant Academy,0
60,North Point,0
60,Notre Dame (Cape Girardeau),1
60,Notre Dame de Sion,106
60,Parkway Central,214
60,Parkway North,0
60,Parkway West,81
60,Platte County,0
60,Poplar Bluff,0
60,Principia,18
60,Rockwood Summit,67
60,STEAM Academy,0
60,Savannah,1
60,Smith-Cotton,0
60,Smithville,0
60,St. Charles West,0
60,St. Dominic,0
60,St. Michael the Archangel,79
60,St. Pius X (Kansas City),0
60,St. Teresa's Academy,165
60,Summit Christian Academy,0
60,Timberland,26
60,Ursuline Academy,68
60,Villa Duchesne,123
60,Visitation Academy,185
60,Warrensburg,0
60,Washington,0
60,Webb City,2
60,Webster Groves,146
60,West Plains,46
61,Barstow,0
61,Belton,0
61,Bolivar,0
61,Camdenton,0
61,Capital City,10
61,Carl Junction,12
61,Central (Cape Girardeau),52
61,Central (Springfield),17
61,Clayton,71
61,Father Tolton,147
61,Ft. Zumwalt East,10
61,Ft. Zumwalt South,25
61,Glendale,33
61,Grain Valley,78
61,Grandview,0
61,Greenwood,10
61,Hannibal,13
61,Hillcrest,0
61,Holt,0
61,Incarnate Word Academy,3
61,Jefferson City,0
61,John Burroughs,120
61,Kearney,39
61,Ladue Horton Watkins,97
61,Lebanon,48
61,Lincoln College Prep,17
61,Logan-Rogersville,0
61,Louisiana,60
61,Lutheran South,34
61,Lutheran St. Charles,5
61,Marshfield,0
61,Mehlville,37
61,Monett,15
61,Nerinx Hall,70
61,Nevada,13
61,New Covenant Academy,0
61,North Point,0
61,Notre Dame (Cape Girardeau),0
61,Notre Dame de Sion,96
61,Parkway Central,228
61,Parkway North,0
61,Parkway West,88
61,Platte County,2
61,Poplar Bluff,0
61,Principia,13
61,Rockwood Summit,103
61,STEAM Academy,0
61,Savannah,0
61,Smith-Cotton,0
61,Smithville,0
61,St. Charles West,0
61,St. Dominic,0
61,St. Michael the Archangel,72
61,St. Pius X (Kansas City),0
61,St. Teresa's Academy,171
61,Summit Christian Academy,0
61,Timberland,26
61,Ursuline Academy,37
61,Villa Duchesne,124
61,Visitation Academy,166
61,Warrensburg,0
61,Washington,0
61,Webb City,1
61,Webster Groves,144
61,West Plains,18
62,Barstow,0
62,Belton,0
62,Bolivar,0
62,Camdenton,0
62,Capital City,17
62,Carl Junction,13
62,Central (Cape Girardeau),53
62,Central (Springfield),20
62,Clayton,77
62,Father Tolton,125
62,Ft. Zumwalt East,11
62,Ft. Zumwalt South,16
62,Glendale,32
62,Grain Valley,99
62,Grandview,0
62,Greenwood,6
62,Hannibal,12
62,Hillcrest,0
62,Holt,0
62,Incarnate Word Academy,0
62,Jefferson City,0
62,John Burroughs,120
62,Kearney,36
62,Ladue Horton Watkins,48
62,Lebanon,66
62,Lincoln College Prep,32
62,Logan-Rogersville,0
62,Louisiana,75
62,Lutheran South,36
62,Lutheran St. Charles,5
62,Marshfield,0
62,Mehlville,36
62,Monett,19
62,Nerinx Hall,71
62,Nevada,9
62,New Covenant Academy,0
62,North Point,0
62,Notre Dame (Cape Girardeau),0
62,Notre Dame de Sion,88
62,Parkway Central,210
62,Parkway North,1
62,Parkway West,85
62,Platte County,2
62,Poplar Bluff,0
62,Principia,14
62,Rockwood Summit,104
62,STEAM Academy,0
62,Savannah,0
62,Smith-Cotton,0
62,Smithville,0
62,St. Charles West,0
62,St. Dominic,0
62,St. Michael the Archangel,70
62,St. Pius X (Kansas City),0
62,St. Teresa's Academy,158
62,Summit Christian Academy,0
62,Timberland,23
62,Ursuline Academy,54
62,Villa Duchesne,137
62,Visitation Academy,178
62,Warrensburg,0
62,Washington,0
62,Webb City,0
62,Webster Groves,151
62,West Plains,16
63,Barstow,0
63,Belton,0
63,Bolivar,0
63,Camdenton,0
63,Capital City,11
63,Carl Junction,6
63,Central (Cape Girardeau),61
63,Central (Springfield),23
63,Clayton,85
63,Father Tolton,151
63,Ft. Zumwalt East,6
63,Ft. Zumwalt South,16
63,Glendale,19
63,Grain Valley,87
63,Grandview,0
63,Greenwood,2
63,Hannibal,7
63,Hillcrest,0
63,Holt,0
63,Incarnate Word Academy,0
63,Jefferson City,0
63,John Burroughs,79
63,Kearney,31
63,Ladue Horton Watkins,75
63,Lebanon,61
63,Lincoln College Prep,14
63,Logan-Rogersville,0
63,Louisiana,81
63,Lutheran South,33
63,Lutheran St. Charles,1
63,Marshfield,0
63,Mehlville,35
63,Monett,23
63,Nerinx Hall,71
63,Nevada,7
63,New Covenant Academy,0
63,North Point,0
63,Notre Dame (Cape Girardeau),1
63,Notre Dame de Sion,128
63,Parkway Central,244
63,Parkway North,2
63,Parkway West,67
63,Platte County,6
63,Poplar Bluff,0
63,Principia,19
63,Rockwood Summit,83
63,STEAM Academy,0
63,Savannah,4
63,Smith-Cotton,0
63,Smithville,0
63,St. Charles West,0
63,St. Dominic,0
63,St. Michael the Archangel,48
63,St. Pius X (Kansas City),0
63,St. Teresa's Academy,167
63,Summit Christian Academy,0
63,Timberland,21
63,Ursuline Academy,51
63,Villa Duchesne,143
63,Visitation Academy,170
63,Warrensburg,0
63,Washington,0
63,Webb City,6
63,Webster Groves,153
63,West Plains,27
64,Barstow,0
64,Belton,0
64,Bolivar,0
64,Camdenton,0
64,Capital City,14
64,Carl Junction,20
64,Central (Cape Girardeau),59
64,Central (Springfield),23
64,Clayton,57
64,Father Tolton,130
64,Ft. Zumwalt East,13
64,Ft. Zumwalt South,9
64,Glendale,40
64,Grain Valley,89
64,Grandview,0
64,Greenwood,16
64,Hannibal,5
64,Hillcrest,0
64,Holt,0
64,Incarnate Word Academy,5
64,Jefferson City,0
64,John Burroughs,114
64,Kearney,35
64,Ladue Horton Watkins,49
64,Lebanon,29
64,Lincoln College Prep,13
64,Logan-Rogersville,0
64,Louisiana,68
64,Lutheran South,33
64,Lutheran St. Charles,4
64,Marshfield,0
64,Mehlville,33
64,Monett,23
64,Nerinx Hall,62
64,Nevada,4
64,New Covenant Academy,0
64,North Point,0
64,Notre Dame (Cape Girardeau),0
64,Notre Dame de Sion,114
64,Parkway Central,237
64,Parkway North,0
64,Parkway West,85
64,Platte County,3
64,Poplar Bluff,0
64,Principia,20
64,Rockwood Summit,96
64,STEAM Academy,0
64,Savannah,3
64,Smith-Cotton,0
64,Smithville,0
64,St. Charles West,0
64,St. Dominic,0
64,St. Michael the Archangel,70
64,St. Pius X (Kansas City),0
64,St. Teresa's Academy,186
64,Summit Christian Academy,0
64,Timberland,17
64,Ursuline Academy,81
64,Villa Duchesne,145
64,Visitation Academy,169
64,Warrensburg,0
64,Washington,0
64,Webb City,15
64,Webster Groves,117
64,West Plains,20
65,Barstow,0
65,Belton,0
65,Bolivar,0
65,Camdenton,0
65,Capital City,14
65,Carl Junction,16
65,Central (Cape Girardeau),47
65,Central (Springfield),20
65,Clayton,66
65,Father Tolton,138
65,Ft. Zumwalt East,8
65,Ft. Zumwalt South,12
65,Glendale,46
65,Grain Valley,75
65,Grandview,0
65,Greenwood,4
65,Hannibal,12
65,Hillcrest,0
65,Holt,0
65,Incarnate Word Academy,2
65,Jefferson City,0
65,John Burroughs,105
65,Kearney,23
65,Ladue Horton Watkins,57
65,Lebanon,53
65,Lincoln College Prep,13
65,Logan-Rogersville,0
65,Louisiana,60
65,Lutheran South,33
65,Lutheran St. Charles,8
65,Marshfield,0
65,Mehlville,37
65,Monett,22
65,Nerinx Hall,77
65,Nevada,9
65,New Covenant Academy,0
65,North Point,0
65,Notre Dame (Cape Girardeau),0
65,Notre Dame de Sion,69
65,Parkway Central,227
65,Parkway North,0
65,Parkway West,92
65,Platte County,1
65,Poplar Bluff,0
65,Principia,15
65,Rockwood Summit,103
65,STEAM Academy,1
65,Savannah,2
65,Smith-Cotton,0
65,Smithville,0
65,St. Charles West,0
65,St. Dominic,0
65,St. Michael the Archangel,76
65,St. Pius X (Kansas City),0
65,St. Teresa's Academy,176
65,Summit Christian Academy,0
65,Timberland,24
65,Ursuline Academy,68
65,Villa Duchesne,148
65,Visitation Academy,178
65,Warrensburg,0
65,Washington,0
65,Webb City,37
65,Webster Groves,138
65,West Plains,13
66,Barstow,0
66,Belton,0
66,Bolivar,0
66,Camdenton,0
66,Capital City,8
66,Carl Junction,22
66,Central (Cape Girardeau),54
66,Central (Springfield),17
66,Clayton,63
66,Father Tolton,151
66,Ft. Zumwalt East,10
66,Ft. Zumwalt South,11
66,Glendale,41
66,Grain Valley,54
66,Grandview,0
66,Greenwood,9
66,Hannibal,13
66,Hillcrest,0
66,Holt,0
66,Incarnate Word Academy,0
66,Jefferson City,0
66,John Burroughs,124
66,Kearney,31
66,Ladue Horton Watkins,47
66,Lebanon,41
66,Lincoln College Prep,20
66,Logan-Rogersville,0
66,Louisiana,69
66,Lutheran South,33
66,Lutheran St. Charles,3
66,Marshfield,0
66,Mehlville,34
66,Monett,45
66,Nerinx Hall,58
66,Nevada,11
66,New Covenant Academy,0
66,North Point,0
66,Notre Dame (Cape Girardeau),0
66,Notre Dame de Sion,121
66,Parkway Central,209
66,Parkway North,2
66,Parkway West,93
66,Platte County,3
66,Poplar Bluff,4
66,Principia,13
66,Rockwood Summit,104
66,STEAM Academy,0
66,Savannah,0
66,Smith-Cotton,0
66,Smithville,0
66,St. Charles West,0
66,St. Dominic,0
66,St. Michael the Archangel,73
66,St. Pius X (Kansas City),0
66,St. Teresa's Academy,173
66,Summit Christian Academy,0
66,Timberland,22
66,Ursuline Academy,78
66,Villa Duchesne,125
66,Visitation Academy,185
66,Warrensburg,0
66,Washington,0
66,Webb City,2
66,Webster Groves,129
66,West Plains,20
